Category,Date,Value
Alcoholic beverages and tobacco,2008-01-01,35.3
Alcoholic beverages and tobacco,2008-02-01,35.7
Alcoholic beverages and tobacco,2008-03-01,37.3
Alcoholic beverages and tobacco,2008-04-01,37.5
Alcoholic beverages and tobacco,2008-05-01,37.6
Alcoholic beverages and tobacco,2008-06-01,37.6
Alcoholic beverages and tobacco,2008-07-01,37.7
Alcoholic beverages and tobacco,2008-08-01,38.3
Alcoholic beverages and tobacco,2008-09-01,38.7
Alcoholic beverages and tobacco,2008-10-01,38.8
Alcoholic beverages and tobacco,2008-11-01,38.9
Alcoholic beverages and tobacco,2008-12-01,38.9
Alcoholic beverages and tobacco,2009-01-01,38.9
Alcoholic beverages and tobacco,2009-02-01,39.3
Alcoholic beverages and tobacco,2009-03-01,41.2
Alcoholic beverages and tobacco,2009-04-01,41.6
Alcoholic beverages and tobacco,2009-05-01,41.6
Alcoholic beverages and tobacco,2009-06-01,41.6
Alcoholic beverages and tobacco,2009-07-01,42.1
Alcoholic beverages and tobacco,2009-08-01,43.1
Alcoholic beverages and tobacco,2009-09-01,43.3
Alcoholic beverages and tobacco,2009-10-01,43.3
Alcoholic beverages and tobacco,2009-11-01,43.3
Alcoholic beverages and tobacco,2009-12-01,43.3
Alcoholic beverages and tobacco,2010-01-01,43.4
Alcoholic beverages and tobacco,2010-02-01,43.4
Alcoholic beverages and tobacco,2010-03-01,45.9
Alcoholic beverages and tobacco,2010-04-01,46.0
Alcoholic beverages and tobacco,2010-05-01,46.2
Alcoholic beverages and tobacco,2010-06-01,46.0
Alcoholic beverages and tobacco,2010-07-01,46.1
Alcoholic beverages and tobacco,2010-08-01,46.2
Alcoholic beverages and tobacco,2010-09-01,46.4
Alcoholic beverages and tobacco,2010-10-01,46.4
Alcoholic beverages and tobacco,2010-11-01,46.5
Alcoholic beverages and tobacco,2010-12-01,46.4
Alcoholic beverages and tobacco,2011-01-01,46.6
Alcoholic beverages and tobacco,2011-02-01,46.6
Alcoholic beverages and tobacco,2011-03-01,48.3
Alcoholic beverages and tobacco,2011-04-01,48.6
Alcoholic beverages and tobacco,2011-05-01,48.8
Alcoholic beverages and tobacco,2011-06-01,48.7
Alcoholic beverages and tobacco,2011-07-01,48.9
Alcoholic beverages and tobacco,2011-08-01,49.1
Alcoholic beverages and tobacco,2011-09-01,49.1
Alcoholic beverages and tobacco,2011-10-01,49.3
Alcoholic beverages and tobacco,2011-11-01,49.3
Alcoholic beverages and tobacco,2011-12-01,49.3
Alcoholic beverages and tobacco,2012-01-01,49.5
Alcoholic beverages and tobacco,2012-02-01,49.6
Alcoholic beverages and tobacco,2012-03-01,51.9
Alcoholic beverages and tobacco,2012-04-01,52.2
Alcoholic beverages and tobacco,2012-05-01,52.3
Alcoholic beverages and tobacco,2012-06-01,52.3
Alcoholic beverages and tobacco,2012-07-01,52.4
Alcoholic beverages and tobacco,2012-08-01,52.7
Alcoholic beverages and tobacco,2012-09-01,52.7
Alcoholic beverages and tobacco,2012-10-01,52.7
Alcoholic beverages and tobacco,2012-11-01,52.8
Alcoholic beverages and tobacco,2012-12-01,52.7
Alcoholic beverages and tobacco,2013-01-01,53.0
Alcoholic beverages and tobacco,2013-02-01,53.4
Alcoholic beverages and tobacco,2013-03-01,54.9
Alcoholic beverages and tobacco,2013-04-01,55.6
Alcoholic beverages and tobacco,2013-05-01,55.8
Alcoholic beverages and tobacco,2013-06-01,55.7
Alcoholic beverages and tobacco,2013-07-01,56.1
Alcoholic beverages and tobacco,2013-08-01,56.1
Alcoholic beverages and tobacco,2013-09-01,56.3
Alcoholic beverages and tobacco,2013-10-01,56.7
Alcoholic beverages and tobacco,2013-11-01,56.4
Alcoholic beverages and tobacco,2013-12-01,56.4
Alcoholic beverages and tobacco,2014-01-01,56.7
Alcoholic beverages and tobacco,2014-02-01,57.0
Alcoholic beverages and tobacco,2014-03-01,58.1
Alcoholic beverages and tobacco,2014-04-01,58.4
Alcoholic beverages and tobacco,2014-05-01,58.7
Alcoholic beverages and tobacco,2014-06-01,58.8
Alcoholic beverages and tobacco,2014-07-01,59.4
Alcoholic beverages and tobacco,2014-08-01,59.5
Alcoholic beverages and tobacco,2014-09-01,59.7
Alcoholic beverages and tobacco,2014-10-01,60.4
Alcoholic beverages and tobacco,2014-11-01,60.7
Alcoholic beverages and tobacco,2014-12-01,60.7
Alcoholic beverages and tobacco,2015-01-01,61.0
Alcoholic beverages and tobacco,2015-02-01,61.6
Alcoholic beverages and tobacco,2015-03-01,63.3
Alcoholic beverages and tobacco,2015-04-01,64.0
Alcoholic beverages and tobacco,2015-05-01,64.3
Alcoholic beverages and tobacco,2015-06-01,64.5
Alcoholic beverages and tobacco,2015-07-01,64.7
Alcoholic beverages and tobacco,2015-08-01,64.8
Alcoholic beverages and tobacco,2015-09-01,64.8
Alcoholic beverages and tobacco,2015-10-01,64.9
Alcoholic beverages and tobacco,2015-11-01,65.0
Alcoholic beverages and tobacco,2015-12-01,64.8
Alcoholic beverages and tobacco,2016-01-01,66.0
Alcoholic beverages and tobacco,2016-02-01,66.3
Alcoholic beverages and tobacco,2016-03-01,67.2
Alcoholic beverages and tobacco,2016-04-01,67.8
Alcoholic beverages and tobacco,2016-05-01,67.9
Alcoholic beverages and tobacco,2016-06-01,67.8
Alcoholic beverages and tobacco,2016-07-01,68.0
Alcoholic beverages and tobacco,2016-08-01,68.1
Alcoholic beverages and tobacco,2016-09-01,68.2
Alcoholic beverages and tobacco,2016-10-01,68.3
Alcoholic beverages and tobacco,2016-11-01,68.3
Alcoholic beverages and tobacco,2016-12-01,68.4
Alcoholic beverages and tobacco,2017-01-01,68.4
Alcoholic beverages and tobacco,2017-02-01,68.1
Alcoholic beverages and tobacco,2017-03-01,69.3
Alcoholic beverages and tobacco,2017-04-01,69.8
Alcoholic beverages and tobacco,2017-05-01,70.0
Alcoholic beverages and tobacco,2017-06-01,70.0
Alcoholic beverages and tobacco,2017-07-01,70.3
Alcoholic beverages and tobacco,2017-08-01,71.0
Alcoholic beverages and tobacco,2017-09-01,71.4
Alcoholic beverages and tobacco,2017-10-01,71.7
Alcoholic beverages and tobacco,2017-11-01,71.7
Alcoholic beverages and tobacco,2017-12-01,71.7
Alcoholic beverages and tobacco,2018-01-01,72.0
Alcoholic beverages and tobacco,2018-02-01,72.3
Alcoholic beverages and tobacco,2018-03-01,72.9
Alcoholic beverages and tobacco,2018-04-01,74.0
Alcoholic beverages and tobacco,2018-05-01,74.3
Alcoholic beverages and tobacco,2018-06-01,74.3
Alcoholic beverages and tobacco,2018-07-01,74.5
Alcoholic beverages and tobacco,2018-08-01,74.4
Alcoholic beverages and tobacco,2018-09-01,74.4
Alcoholic beverages and tobacco,2018-10-01,74.7
Alcoholic beverages and tobacco,2018-11-01,75.1
Alcoholic beverages and tobacco,2018-12-01,75.2
Alcoholic beverages and tobacco,2019-01-01,75.3
Alcoholic beverages and tobacco,2019-02-01,75.7
Alcoholic beverages and tobacco,2019-03-01,77.6
Alcoholic beverages and tobacco,2019-04-01,78.2
Alcoholic beverages and tobacco,2019-05-01,78.4
Alcoholic beverages and tobacco,2019-06-01,78.8
Alcoholic beverages and tobacco,2019-07-01,79.0
Alcoholic beverages and tobacco,2019-08-01,79.0
Alcoholic beverages and tobacco,2019-09-01,79.0
Alcoholic beverages and tobacco,2019-10-01,79.0
Alcoholic beverages and tobacco,2019-11-01,79.0
Alcoholic beverages and tobacco,2019-12-01,79.0
Alcoholic beverages and tobacco,2020-01-01,79.3
Alcoholic beverages and tobacco,2020-02-01,79.4
Alcoholic beverages and tobacco,2020-03-01,80.4
Alcoholic beverages and tobacco,2020-04-01,80.0
Alcoholic beverages and tobacco,2020-05-01,79.5
Alcoholic beverages and tobacco,2020-06-01,79.9
Alcoholic beverages and tobacco,2020-07-01,80.8
Alcoholic beverages and tobacco,2020-08-01,81.4
Alcoholic beverages and tobacco,2020-09-01,82.2
Alcoholic beverages and tobacco,2020-10-01,82.6
Alcoholic beverages and tobacco,2020-11-01,82.0
Alcoholic beverages and tobacco,2020-12-01,82.0
Alcoholic beverages and tobacco,2021-01-01,82.0
Alcoholic beverages and tobacco,2021-02-01,82.5
Alcoholic beverages and tobacco,2021-03-01,83.4
Alcoholic beverages and tobacco,2021-04-01,83.8
Alcoholic beverages and tobacco,2021-05-01,84.1
Alcoholic beverages and tobacco,2021-06-01,84.1
Alcoholic beverages and tobacco,2021-07-01,85.1
Alcoholic beverages and tobacco,2021-08-01,85.6
Alcoholic beverages and tobacco,2021-09-01,85.7
Alcoholic beverages and tobacco,2021-10-01,85.8
Alcoholic beverages and tobacco,2021-11-01,85.8
Alcoholic beverages and tobacco,2021-12-01,85.9
Alcoholic beverages and tobacco,2022-01-01,85.9
Alcoholic beverages and tobacco,2022-02-01,86.4
Alcoholic beverages and tobacco,2022-03-01,88.3
Alcoholic beverages and tobacco,2022-04-01,89.0
Alcoholic beverages and tobacco,2022-05-01,89.7
Alcoholic beverages and tobacco,2022-06-01,89.8
Alcoholic beverages and tobacco,2022-07-01,89.7
Alcoholic beverages and tobacco,2022-08-01,89.9
Alcoholic beverages and tobacco,2022-09-01,90.7
Alcoholic beverages and tobacco,2022-10-01,91.2
Alcoholic beverages and tobacco,2022-11-01,91.4
Alcoholic beverages and tobacco,2022-12-01,91.2
Alcoholic beverages and tobacco,2023-01-01,91.5
Alcoholic beverages and tobacco,2023-02-01,91.8
Alcoholic beverages and tobacco,2023-03-01,93.8
Alcoholic beverages and tobacco,2023-04-01,94.7
Alcoholic beverages and tobacco,2023-05-01,95.0
Alcoholic beverages and tobacco,2023-06-01,95.3
Alcoholic beverages and tobacco,2023-07-01,95.8
Alcoholic beverages and tobacco,2023-08-01,95.5
Alcoholic beverages and tobacco,2023-09-01,95.4
Alcoholic beverages and tobacco,2023-10-01,95.9
Alcoholic beverages and tobacco,2023-11-01,95.9
Alcoholic beverages and tobacco,2023-12-01,95.9
Alcoholic beverages and tobacco,2024-01-01,96.2
Alcoholic beverages and tobacco,2024-02-01,96.2
Alcoholic beverages and tobacco,2024-03-01,98.0
Alcoholic beverages and tobacco,2024-04-01,98.7
Alcoholic beverages and tobacco,2024-05-01,99.2
Alcoholic beverages and tobacco,2024-06-01,99.4
Alcoholic beverages and tobacco,2024-07-01,99.4
Alcoholic beverages and tobacco,2024-08-01,99.7
Alcoholic beverages and tobacco,2024-09-01,99.9
Alcoholic beverages and tobacco,2024-10-01,100.2
Alcoholic beverages and tobacco,2024-11-01,100.2
Alcoholic beverages and tobacco,2024-12-01,100.0
Alcoholic beverages and tobacco,2025-01-01,100.3
Alcoholic beverages and tobacco,2025-02-01,100.4
Alcoholic beverages and tobacco,2025-03-01,102.0
Alcoholic beverages and tobacco,2025-04-01,103.3
Alcoholic beverages and tobacco,2025-05-01,103.5
Alcoholic beverages and tobacco,2025-06-01,103.8
Alcoholic beverages and tobacco,2025-07-01,104.0
Alcoholic beverages and tobacco,2025-08-01,104.0
Alcoholic beverages and tobacco,2025-09-01,104.1
Alcoholic beverages and tobacco,2025-10-01,104.7
Alcoholic beverages and tobacco,2025-11-01,104.8
Alcoholic beverages and tobacco,2025-12-01,104.6
Alcoholic beverages and tobacco,2026-01-01,104.8
CPI Headline,2008-01-01,41.9
CPI Headline,2008-02-01,42.2
CPI Headline,2008-03-01,42.8
CPI Headline,2008-04-01,43.0
CPI Headline,2008-05-01,43.3
CPI Headline,2008-06-01,43.9
CPI Headline,2008-07-01,44.5
CPI Headline,2008-08-01,44.8
CPI Headline,2008-09-01,45.0
CPI Headline,2008-10-01,45.0
CPI Headline,2008-11-01,45.1
CPI Headline,2008-12-01,45.0
CPI Headline,2009-01-01,45.3
CPI Headline,2009-02-01,45.7
CPI Headline,2009-03-01,46.4
CPI Headline,2009-04-01,46.6
CPI Headline,2009-05-01,46.8
CPI Headline,2009-06-01,47.0
CPI Headline,2009-07-01,47.5
CPI Headline,2009-08-01,47.5
CPI Headline,2009-09-01,47.9
CPI Headline,2009-10-01,47.9
CPI Headline,2009-11-01,47.9
CPI Headline,2009-12-01,47.9
CPI Headline,2010-01-01,48.1
CPI Headline,2010-02-01,48.4
CPI Headline,2010-03-01,48.8
CPI Headline,2010-04-01,48.8
CPI Headline,2010-05-01,48.9
CPI Headline,2010-06-01,48.9
CPI Headline,2010-07-01,49.3
CPI Headline,2010-08-01,49.3
CPI Headline,2010-09-01,49.3
CPI Headline,2010-10-01,49.4
CPI Headline,2010-11-01,49.5
CPI Headline,2010-12-01,49.6
CPI Headline,2011-01-01,49.9
CPI Headline,2011-02-01,50.1
CPI Headline,2011-03-01,50.7
CPI Headline,2011-04-01,51.0
CPI Headline,2011-05-01,51.2
CPI Headline,2011-06-01,51.4
CPI Headline,2011-07-01,51.8
CPI Headline,2011-08-01,51.9
CPI Headline,2011-09-01,52.1
CPI Headline,2011-10-01,52.4
CPI Headline,2011-11-01,52.5
CPI Headline,2011-12-01,52.6
CPI Headline,2012-01-01,52.9
CPI Headline,2012-02-01,53.2
CPI Headline,2012-03-01,53.8
CPI Headline,2012-04-01,54.0
CPI Headline,2012-05-01,54.0
CPI Headline,2012-06-01,54.3
CPI Headline,2012-07-01,54.3
CPI Headline,2012-08-01,54.5
CPI Headline,2012-09-01,55.0
CPI Headline,2012-10-01,55.4
CPI Headline,2012-11-01,55.5
CPI Headline,2012-12-01,55.6
CPI Headline,2013-01-01,55.7
CPI Headline,2013-02-01,56.3
CPI Headline,2013-03-01,57.0
CPI Headline,2013-04-01,57.2
CPI Headline,2013-05-01,57.1
CPI Headline,2013-06-01,57.2
CPI Headline,2013-07-01,57.8
CPI Headline,2013-08-01,58.0
CPI Headline,2013-09-01,58.2
CPI Headline,2013-10-01,58.4
CPI Headline,2013-11-01,58.5
CPI Headline,2013-12-01,58.6
CPI Headline,2014-01-01,59.0
CPI Headline,2014-02-01,59.6
CPI Headline,2014-03-01,60.5
CPI Headline,2014-04-01,60.7
CPI Headline,2014-05-01,60.8
CPI Headline,2014-06-01,61.1
CPI Headline,2014-07-01,61.5
CPI Headline,2014-08-01,61.8
CPI Headline,2014-09-01,61.8
CPI Headline,2014-10-01,61.8
CPI Headline,2014-11-01,61.8
CPI Headline,2014-12-01,61.8
CPI Headline,2015-01-01,61.7
CPI Headline,2015-02-01,62.0
CPI Headline,2015-03-01,62.9
CPI Headline,2015-04-01,63.5
CPI Headline,2015-05-01,63.6
CPI Headline,2015-06-01,63.9
CPI Headline,2015-07-01,64.6
CPI Headline,2015-08-01,64.6
CPI Headline,2015-09-01,64.6
CPI Headline,2015-10-01,64.7
CPI Headline,2015-11-01,64.8
CPI Headline,2015-12-01,64.9
CPI Headline,2016-01-01,65.5
CPI Headline,2016-02-01,66.4
CPI Headline,2016-03-01,66.8
CPI Headline,2016-04-01,67.4
CPI Headline,2016-05-01,67.5
CPI Headline,2016-06-01,67.9
CPI Headline,2016-07-01,68.5
CPI Headline,2016-08-01,68.4
CPI Headline,2016-09-01,68.5
CPI Headline,2016-10-01,68.9
CPI Headline,2016-11-01,69.1
CPI Headline,2016-12-01,69.3
CPI Headline,2017-01-01,69.8
CPI Headline,2017-02-01,70.5
CPI Headline,2017-03-01,71.0
CPI Headline,2017-04-01,71.0
CPI Headline,2017-05-01,71.2
CPI Headline,2017-06-01,71.4
CPI Headline,2017-07-01,71.6
CPI Headline,2017-08-01,71.7
CPI Headline,2017-09-01,72.0
CPI Headline,2017-10-01,72.2
CPI Headline,2017-11-01,72.3
CPI Headline,2017-12-01,72.6
CPI Headline,2018-01-01,72.8
CPI Headline,2018-02-01,73.4
CPI Headline,2018-03-01,73.6
CPI Headline,2018-04-01,74.2
CPI Headline,2018-05-01,74.3
CPI Headline,2018-06-01,74.6
CPI Headline,2018-07-01,75.3
CPI Headline,2018-08-01,75.2
CPI Headline,2018-09-01,75.5
CPI Headline,2018-10-01,75.9
CPI Headline,2018-11-01,76.0
CPI Headline,2018-12-01,75.9
CPI Headline,2019-01-01,75.7
CPI Headline,2019-02-01,76.3
CPI Headline,2019-03-01,77.0
CPI Headline,2019-04-01,77.4
CPI Headline,2019-05-01,77.7
CPI Headline,2019-06-01,78.0
CPI Headline,2019-07-01,78.2
CPI Headline,2019-08-01,78.5
CPI Headline,2019-09-01,78.6
CPI Headline,2019-10-01,78.6
CPI Headline,2019-11-01,78.7
CPI Headline,2019-12-01,78.9
CPI Headline,2020-01-01,79.2
CPI Headline,2020-02-01,79.9
CPI Headline,2020-03-01,80.2
CPI Headline,2020-04-01,79.8
CPI Headline,2020-05-01,79.2
CPI Headline,2020-06-01,79.7
CPI Headline,2020-07-01,80.7
CPI Headline,2020-08-01,80.9
CPI Headline,2020-09-01,81.0
CPI Headline,2020-10-01,81.2
CPI Headline,2020-11-01,81.2
CPI Headline,2020-12-01,81.3
CPI Headline,2021-01-01,81.7
CPI Headline,2021-02-01,82.2
CPI Headline,2021-03-01,82.8
CPI Headline,2021-04-01,83.3
CPI Headline,2021-05-01,83.4
CPI Headline,2021-06-01,83.5
CPI Headline,2021-07-01,84.5
CPI Headline,2021-08-01,84.8
CPI Headline,2021-09-01,85.0
CPI Headline,2021-10-01,85.3
CPI Headline,2021-11-01,85.6
CPI Headline,2021-12-01,86.1
CPI Headline,2022-01-01,86.3
CPI Headline,2022-02-01,86.8
CPI Headline,2022-03-01,87.7
CPI Headline,2022-04-01,88.2
CPI Headline,2022-05-01,88.8
CPI Headline,2022-06-01,89.8
CPI Headline,2022-07-01,91.1
CPI Headline,2022-08-01,91.3
CPI Headline,2022-09-01,91.4
CPI Headline,2022-10-01,91.7
CPI Headline,2022-11-01,92.0
CPI Headline,2022-12-01,92.3
CPI Headline,2023-01-01,92.2
CPI Headline,2023-02-01,92.9
CPI Headline,2023-03-01,93.9
CPI Headline,2023-04-01,94.2
CPI Headline,2023-05-01,94.4
CPI Headline,2023-06-01,94.6
CPI Headline,2023-07-01,95.4
CPI Headline,2023-08-01,95.7
CPI Headline,2023-09-01,96.3
CPI Headline,2023-10-01,97.2
CPI Headline,2023-11-01,97.1
CPI Headline,2023-12-01,97.1
CPI Headline,2024-01-01,97.2
CPI Headline,2024-02-01,98.1
CPI Headline,2024-03-01,98.9
CPI Headline,2024-04-01,99.1
CPI Headline,2024-05-01,99.3
CPI Headline,2024-06-01,99.4
CPI Headline,2024-07-01,99.8
CPI Headline,2024-08-01,99.9
CPI Headline,2024-09-01,100.0
CPI Headline,2024-10-01,99.9
CPI Headline,2024-11-01,99.9
CPI Headline,2024-12-01,100.0
CPI Headline,2025-01-01,100.3
CPI Headline,2025-02-01,101.2
CPI Headline,2025-03-01,101.6
CPI Headline,2025-04-01,101.9
CPI Headline,2025-05-01,102.1
CPI Headline,2025-06-01,102.4
CPI Headline,2025-07-01,103.3
CPI Headline,2025-08-01,103.2
CPI Headline,2025-09-01,103.4
CPI Headline,2025-10-01,103.5
CPI Headline,2025-11-01,103.4
CPI Headline,2025-12-01,103.6
CPI Headline,2026-01-01,103.8
Clothing and footwear,2008-01-01,61.5
Clothing and footwear,2008-02-01,61.6
Clothing and footwear,2008-03-01,61.8
Clothing and footwear,2008-04-01,61.8
Clothing and footwear,2008-05-01,62.0
Clothing and footwear,2008-06-01,62.3
Clothing and footwear,2008-07-01,62.4
Clothing and footwear,2008-08-01,62.8
Clothing and footwear,2008-09-01,63.0
Clothing and footwear,2008-10-01,63.0
Clothing and footwear,2008-11-01,63.0
Clothing and footwear,2008-12-01,63.3
Clothing and footwear,2009-01-01,63.9
Clothing and footwear,2009-02-01,64.5
Clothing and footwear,2009-03-01,64.8
Clothing and footwear,2009-04-01,65.1
Clothing and footwear,2009-05-01,65.1
Clothing and footwear,2009-06-01,65.3
Clothing and footwear,2009-07-01,65.7
Clothing and footwear,2009-08-01,66.0
Clothing and footwear,2009-09-01,66.0
Clothing and footwear,2009-10-01,66.1
Clothing and footwear,2009-11-01,66.3
Clothing and footwear,2009-12-01,66.4
Clothing and footwear,2010-01-01,66.4
Clothing and footwear,2010-02-01,66.4
Clothing and footwear,2010-03-01,66.5
Clothing and footwear,2010-04-01,66.6
Clothing and footwear,2010-05-01,66.7
Clothing and footwear,2010-06-01,66.7
Clothing and footwear,2010-07-01,66.7
Clothing and footwear,2010-08-01,66.7
Clothing and footwear,2010-09-01,66.7
Clothing and footwear,2010-10-01,66.8
Clothing and footwear,2010-11-01,66.9
Clothing and footwear,2010-12-01,66.9
Clothing and footwear,2011-01-01,67.2
Clothing and footwear,2011-02-01,67.3
Clothing and footwear,2011-03-01,67.4
Clothing and footwear,2011-04-01,67.6
Clothing and footwear,2011-05-01,67.7
Clothing and footwear,2011-06-01,67.9
Clothing and footwear,2011-07-01,68.1
Clothing and footwear,2011-08-01,68.5
Clothing and footwear,2011-09-01,68.8
Clothing and footwear,2011-10-01,69.0
Clothing and footwear,2011-11-01,69.3
Clothing and footwear,2011-12-01,69.5
Clothing and footwear,2012-01-01,69.6
Clothing and footwear,2012-02-01,69.7
Clothing and footwear,2012-03-01,70.1
Clothing and footwear,2012-04-01,70.1
Clothing and footwear,2012-05-01,70.2
Clothing and footwear,2012-06-01,70.3
Clothing and footwear,2012-07-01,70.5
Clothing and footwear,2012-08-01,71.0
Clothing and footwear,2012-09-01,71.3
Clothing and footwear,2012-10-01,71.5
Clothing and footwear,2012-11-01,71.6
Clothing and footwear,2012-12-01,71.7
Clothing and footwear,2013-01-01,71.8
Clothing and footwear,2013-02-01,71.9
Clothing and footwear,2013-03-01,72.0
Clothing and footwear,2013-04-01,72.2
Clothing and footwear,2013-05-01,72.2
Clothing and footwear,2013-06-01,72.4
Clothing and footwear,2013-07-01,72.7
Clothing and footwear,2013-08-01,73.2
Clothing and footwear,2013-09-01,73.5
Clothing and footwear,2013-10-01,73.8
Clothing and footwear,2013-11-01,73.9
Clothing and footwear,2013-12-01,74.2
Clothing and footwear,2014-01-01,74.5
Clothing and footwear,2014-02-01,75.0
Clothing and footwear,2014-03-01,75.4
Clothing and footwear,2014-04-01,75.8
Clothing and footwear,2014-05-01,76.1
Clothing and footwear,2014-06-01,76.1
Clothing and footwear,2014-07-01,76.4
Clothing and footwear,2014-08-01,77.1
Clothing and footwear,2014-09-01,77.6
Clothing and footwear,2014-10-01,78.0
Clothing and footwear,2014-11-01,78.5
Clothing and footwear,2014-12-01,78.8
Clothing and footwear,2015-01-01,79.0
Clothing and footwear,2015-02-01,79.3
Clothing and footwear,2015-03-01,79.8
Clothing and footwear,2015-04-01,80.0
Clothing and footwear,2015-05-01,80.1
Clothing and footwear,2015-06-01,80.4
Clothing and footwear,2015-07-01,80.7
Clothing and footwear,2015-08-01,81.2
Clothing and footwear,2015-09-01,81.4
Clothing and footwear,2015-10-01,81.7
Clothing and footwear,2015-11-01,82.0
Clothing and footwear,2015-12-01,82.3
Clothing and footwear,2016-01-01,82.5
Clothing and footwear,2016-02-01,83.1
Clothing and footwear,2016-03-01,83.5
Clothing and footwear,2016-04-01,83.9
Clothing and footwear,2016-05-01,84.1
Clothing and footwear,2016-06-01,84.3
Clothing and footwear,2016-07-01,84.6
Clothing and footwear,2016-08-01,85.2
Clothing and footwear,2016-09-01,85.8
Clothing and footwear,2016-10-01,86.1
Clothing and footwear,2016-11-01,86.4
Clothing and footwear,2016-12-01,86.6
Clothing and footwear,2017-01-01,86.8
Clothing and footwear,2017-02-01,87.1
Clothing and footwear,2017-03-01,87.2
Clothing and footwear,2017-04-01,87.3
Clothing and footwear,2017-05-01,87.4
Clothing and footwear,2017-06-01,87.5
Clothing and footwear,2017-07-01,87.6
Clothing and footwear,2017-08-01,87.7
Clothing and footwear,2017-09-01,87.7
Clothing and footwear,2017-10-01,87.7
Clothing and footwear,2017-11-01,88.0
Clothing and footwear,2017-12-01,88.2
Clothing and footwear,2018-01-01,88.3
Clothing and footwear,2018-02-01,88.4
Clothing and footwear,2018-03-01,88.5
Clothing and footwear,2018-04-01,88.7
Clothing and footwear,2018-05-01,88.9
Clothing and footwear,2018-06-01,89.1
Clothing and footwear,2018-07-01,89.1
Clothing and footwear,2018-08-01,89.3
Clothing and footwear,2018-09-01,89.4
Clothing and footwear,2018-10-01,89.4
Clothing and footwear,2018-11-01,89.5
Clothing and footwear,2018-12-01,89.6
Clothing and footwear,2019-01-01,89.8
Clothing and footwear,2019-02-01,90.0
Clothing and footwear,2019-03-01,90.2
Clothing and footwear,2019-04-01,90.4
Clothing and footwear,2019-05-01,90.6
Clothing and footwear,2019-06-01,90.7
Clothing and footwear,2019-07-01,90.8
Clothing and footwear,2019-08-01,91.2
Clothing and footwear,2019-09-01,91.4
Clothing and footwear,2019-10-01,91.5
Clothing and footwear,2019-11-01,91.7
Clothing and footwear,2019-12-01,91.8
Clothing and footwear,2020-01-01,91.8
Clothing and footwear,2020-02-01,92.0
Clothing and footwear,2020-03-01,92.2
Clothing and footwear,2020-04-01,91.7
Clothing and footwear,2020-05-01,91.1
Clothing and footwear,2020-06-01,91.3
Clothing and footwear,2020-07-01,91.2
Clothing and footwear,2020-08-01,91.4
Clothing and footwear,2020-09-01,91.6
Clothing and footwear,2020-10-01,91.7
Clothing and footwear,2020-11-01,91.8
Clothing and footwear,2020-12-01,92.0
Clothing and footwear,2021-01-01,92.3
Clothing and footwear,2021-02-01,92.3
Clothing and footwear,2021-03-01,92.5
Clothing and footwear,2021-04-01,92.6
Clothing and footwear,2021-05-01,92.8
Clothing and footwear,2021-06-01,92.9
Clothing and footwear,2021-07-01,92.9
Clothing and footwear,2021-08-01,93.2
Clothing and footwear,2021-09-01,93.3
Clothing and footwear,2021-10-01,93.4
Clothing and footwear,2021-11-01,93.5
Clothing and footwear,2021-12-01,93.5
Clothing and footwear,2022-01-01,93.7
Clothing and footwear,2022-02-01,93.8
Clothing and footwear,2022-03-01,94.0
Clothing and footwear,2022-04-01,94.2
Clothing and footwear,2022-05-01,94.4
Clothing and footwear,2022-06-01,94.8
Clothing and footwear,2022-07-01,95.0
Clothing and footwear,2022-08-01,95.5
Clothing and footwear,2022-09-01,95.9
Clothing and footwear,2022-10-01,96.0
Clothing and footwear,2022-11-01,96.0
Clothing and footwear,2022-12-01,96.2
Clothing and footwear,2023-01-01,96.3
Clothing and footwear,2023-02-01,96.8
Clothing and footwear,2023-03-01,96.7
Clothing and footwear,2023-04-01,97.0
Clothing and footwear,2023-05-01,97.4
Clothing and footwear,2023-06-01,97.6
Clothing and footwear,2023-07-01,97.8
Clothing and footwear,2023-08-01,97.8
Clothing and footwear,2023-09-01,98.0
Clothing and footwear,2023-10-01,98.2
Clothing and footwear,2023-11-01,98.3
Clothing and footwear,2023-12-01,98.3
Clothing and footwear,2024-01-01,98.6
Clothing and footwear,2024-02-01,98.8
Clothing and footwear,2024-03-01,99.1
Clothing and footwear,2024-04-01,99.3
Clothing and footwear,2024-05-01,99.3
Clothing and footwear,2024-06-01,99.4
Clothing and footwear,2024-07-01,99.6
Clothing and footwear,2024-08-01,99.7
Clothing and footwear,2024-09-01,99.8
Clothing and footwear,2024-10-01,100.0
Clothing and footwear,2024-11-01,100.0
Clothing and footwear,2024-12-01,100.0
Clothing and footwear,2025-01-01,100.1
Clothing and footwear,2025-02-01,100.2
Clothing and footwear,2025-03-01,100.4
Clothing and footwear,2025-04-01,100.5
Clothing and footwear,2025-05-01,100.6
Clothing and footwear,2025-06-01,100.7
Clothing and footwear,2025-07-01,100.8
Clothing and footwear,2025-08-01,100.9
Clothing and footwear,2025-09-01,101.0
Clothing and footwear,2025-10-01,101.1
Clothing and footwear,2025-11-01,101.1
Clothing and footwear,2025-12-01,101.2
Clothing and footwear,2026-01-01,101.3
Education,2008-01-01,30.5
Education,2008-02-01,30.5
Education,2008-03-01,32.6
Education,2008-04-01,32.6
Education,2008-05-01,32.6
Education,2008-06-01,32.6
Education,2008-07-01,32.6
Education,2008-08-01,32.6
Education,2008-09-01,32.6
Education,2008-10-01,32.6
Education,2008-11-01,32.6
Education,2008-12-01,32.6
Education,2009-01-01,32.6
Education,2009-02-01,32.6
Education,2009-03-01,36.0
Education,2009-04-01,36.0
Education,2009-05-01,36.0
Education,2009-06-01,36.0
Education,2009-07-01,36.0
Education,2009-08-01,36.0
Education,2009-09-01,36.0
Education,2009-10-01,36.0
Education,2009-11-01,36.0
Education,2009-12-01,36.0
Education,2010-01-01,36.0
Education,2010-02-01,36.0
Education,2010-03-01,39.4
Education,2010-04-01,39.4
Education,2010-05-01,39.4
Education,2010-06-01,39.4
Education,2010-07-01,39.4
Education,2010-08-01,39.4
Education,2010-09-01,39.4
Education,2010-10-01,39.4
Education,2010-11-01,39.4
Education,2010-12-01,39.4
Education,2011-01-01,39.4
Education,2011-02-01,39.4
Education,2011-03-01,42.8
Education,2011-04-01,42.8
Education,2011-05-01,42.8
Education,2011-06-01,42.8
Education,2011-07-01,42.8
Education,2011-08-01,42.8
Education,2011-09-01,42.8
Education,2011-10-01,42.8
Education,2011-11-01,42.8
Education,2011-12-01,42.8
Education,2012-01-01,42.8
Education,2012-02-01,42.8
Education,2012-03-01,46.6
Education,2012-04-01,46.6
Education,2012-05-01,46.6
Education,2012-06-01,46.6
Education,2012-07-01,46.6
Education,2012-08-01,46.6
Education,2012-09-01,46.6
Education,2012-10-01,46.6
Education,2012-11-01,46.6
Education,2012-12-01,46.6
Education,2013-01-01,46.6
Education,2013-02-01,46.6
Education,2013-03-01,50.8
Education,2013-04-01,50.8
Education,2013-05-01,50.8
Education,2013-06-01,50.8
Education,2013-07-01,50.8
Education,2013-08-01,50.8
Education,2013-09-01,50.8
Education,2013-10-01,50.8
Education,2013-11-01,50.8
Education,2013-12-01,50.8
Education,2014-01-01,50.8
Education,2014-02-01,50.8
Education,2014-03-01,55.3
Education,2014-04-01,55.3
Education,2014-05-01,55.3
Education,2014-06-01,55.3
Education,2014-07-01,55.3
Education,2014-08-01,55.3
Education,2014-09-01,55.3
Education,2014-10-01,55.3
Education,2014-11-01,55.3
Education,2014-12-01,55.3
Education,2015-01-01,55.3
Education,2015-02-01,55.3
Education,2015-03-01,60.4
Education,2015-04-01,60.4
Education,2015-05-01,60.4
Education,2015-06-01,60.4
Education,2015-07-01,60.4
Education,2015-08-01,60.4
Education,2015-09-01,60.4
Education,2015-10-01,60.4
Education,2015-11-01,60.4
Education,2015-12-01,60.4
Education,2016-01-01,60.4
Education,2016-02-01,60.4
Education,2016-03-01,63.1
Education,2016-04-01,63.1
Education,2016-05-01,63.1
Education,2016-06-01,63.1
Education,2016-07-01,63.1
Education,2016-08-01,63.1
Education,2016-09-01,63.1
Education,2016-10-01,63.1
Education,2016-11-01,63.1
Education,2016-12-01,63.1
Education,2017-01-01,63.1
Education,2017-02-01,63.1
Education,2017-03-01,67.5
Education,2017-04-01,67.5
Education,2017-05-01,67.5
Education,2017-06-01,67.5
Education,2017-07-01,67.5
Education,2017-08-01,67.5
Education,2017-09-01,67.5
Education,2017-10-01,67.5
Education,2017-11-01,67.5
Education,2017-12-01,67.5
Education,2018-01-01,67.5
Education,2018-02-01,67.5
Education,2018-03-01,72.1
Education,2018-04-01,72.1
Education,2018-05-01,72.1
Education,2018-06-01,72.1
Education,2018-07-01,72.1
Education,2018-08-01,72.1
Education,2018-09-01,72.1
Education,2018-10-01,72.1
Education,2018-11-01,72.1
Education,2018-12-01,72.1
Education,2019-01-01,72.1
Education,2019-02-01,72.1
Education,2019-03-01,76.9
Education,2019-04-01,76.9
Education,2019-05-01,76.9
Education,2019-06-01,76.9
Education,2019-07-01,76.9
Education,2019-08-01,76.9
Education,2019-09-01,76.9
Education,2019-10-01,76.9
Education,2019-11-01,76.9
Education,2019-12-01,76.9
Education,2020-01-01,76.9
Education,2020-02-01,76.9
Education,2020-03-01,81.9
Education,2020-04-01,81.9
Education,2020-05-01,81.9
Education,2020-06-01,81.9
Education,2020-07-01,81.9
Education,2020-08-01,81.9
Education,2020-09-01,81.9
Education,2020-10-01,81.9
Education,2020-11-01,81.9
Education,2020-12-01,81.9
Education,2021-01-01,81.9
Education,2021-02-01,81.9
Education,2021-03-01,85.2
Education,2021-04-01,85.2
Education,2021-05-01,85.2
Education,2021-06-01,85.2
Education,2021-07-01,85.2
Education,2021-08-01,85.2
Education,2021-09-01,85.2
Education,2021-10-01,85.2
Education,2021-11-01,85.2
Education,2021-12-01,85.2
Education,2022-01-01,85.2
Education,2022-02-01,85.2
Education,2022-03-01,88.9
Education,2022-04-01,88.9
Education,2022-05-01,88.9
Education,2022-06-01,88.9
Education,2022-07-01,88.9
Education,2022-08-01,88.9
Education,2022-09-01,88.9
Education,2022-10-01,88.9
Education,2022-11-01,88.9
Education,2022-12-01,88.9
Education,2023-01-01,88.9
Education,2023-02-01,88.9
Education,2023-03-01,94.0
Education,2023-04-01,94.0
Education,2023-05-01,94.0
Education,2023-06-01,94.0
Education,2023-07-01,94.0
Education,2023-08-01,94.0
Education,2023-09-01,94.0
Education,2023-10-01,94.0
Education,2023-11-01,94.0
Education,2023-12-01,94.0
Education,2024-01-01,94.0
Education,2024-02-01,94.0
Education,2024-03-01,100.0
Education,2024-04-01,100.0
Education,2024-05-01,100.0
Education,2024-06-01,100.0
Education,2024-07-01,100.0
Education,2024-08-01,100.0
Education,2024-09-01,100.0
Education,2024-10-01,100.0
Education,2024-11-01,100.0
Education,2024-12-01,100.0
Education,2025-01-01,100.0
Education,2025-02-01,100.0
Education,2025-03-01,104.5
Education,2025-04-01,104.5
Education,2025-05-01,104.5
Education,2025-06-01,104.5
Education,2025-07-01,104.5
Education,2025-08-01,104.5
Education,2025-09-01,104.5
Education,2025-10-01,104.5
Education,2025-11-01,104.5
Education,2025-12-01,104.5
Education,2026-01-01,104.5
Food and non alcoholic beverages,2008-01-01,34.3
Food and non alcoholic beverages,2008-02-01,34.3
Food and non alcoholic beverages,2008-03-01,34.8
Food and non alcoholic beverages,2008-04-01,35.3
Food and non alcoholic beverages,2008-05-01,35.9
Food and non alcoholic beverages,2008-06-01,36.5
Food and non alcoholic beverages,2008-07-01,37.0
Food and non alcoholic beverages,2008-08-01,37.5
Food and non alcoholic beverages,2008-09-01,38.1
Food and non alcoholic beverages,2008-10-01,38.3
Food and non alcoholic beverages,2008-11-01,38.6
Food and non alcoholic beverages,2008-12-01,38.9
Food and non alcoholic beverages,2009-01-01,39.7
Food and non alcoholic beverages,2009-02-01,39.7
Food and non alcoholic beverages,2009-03-01,39.9
Food and non alcoholic beverages,2009-04-01,40.1
Food and non alcoholic beverages,2009-05-01,40.3
Food and non alcoholic beverages,2009-06-01,40.2
Food and non alcoholic beverages,2009-07-01,40.1
Food and non alcoholic beverages,2009-08-01,40.1
Food and non alcoholic beverages,2009-09-01,40.1
Food and non alcoholic beverages,2009-10-01,40.4
Food and non alcoholic beverages,2009-11-01,40.4
Food and non alcoholic beverages,2009-12-01,40.3
Food and non alcoholic beverages,2010-01-01,40.6
Food and non alcoholic beverages,2010-02-01,40.5
Food and non alcoholic beverages,2010-03-01,40.4
Food and non alcoholic beverages,2010-04-01,40.5
Food and non alcoholic beverages,2010-05-01,40.6
Food and non alcoholic beverages,2010-06-01,40.5
Food and non alcoholic beverages,2010-07-01,40.6
Food and non alcoholic beverages,2010-08-01,40.8
Food and non alcoholic beverages,2010-09-01,40.6
Food and non alcoholic beverages,2010-10-01,40.8
Food and non alcoholic beverages,2010-11-01,41.0
Food and non alcoholic beverages,2010-12-01,41.0
Food and non alcoholic beverages,2011-01-01,41.9
Food and non alcoholic beverages,2011-02-01,41.9
Food and non alcoholic beverages,2011-03-01,42.5
Food and non alcoholic beverages,2011-04-01,42.4
Food and non alcoholic beverages,2011-05-01,43.2
Food and non alcoholic beverages,2011-06-01,43.4
Food and non alcoholic beverages,2011-07-01,43.6
Food and non alcoholic beverages,2011-08-01,43.8
Food and non alcoholic beverages,2011-09-01,44.2
Food and non alcoholic beverages,2011-10-01,45.1
Food and non alcoholic beverages,2011-11-01,45.4
Food and non alcoholic beverages,2011-12-01,45.4
Food and non alcoholic beverages,2012-01-01,46.2
Food and non alcoholic beverages,2012-02-01,46.0
Food and non alcoholic beverages,2012-03-01,46.1
Food and non alcoholic beverages,2012-04-01,46.1
Food and non alcoholic beverages,2012-05-01,46.0
Food and non alcoholic beverages,2012-06-01,45.9
Food and non alcoholic beverages,2012-07-01,45.9
Food and non alcoholic beverages,2012-08-01,45.9
Food and non alcoholic beverages,2012-09-01,46.8
Food and non alcoholic beverages,2012-10-01,47.9
Food and non alcoholic beverages,2012-11-01,48.6
Food and non alcoholic beverages,2012-12-01,48.6
Food and non alcoholic beverages,2013-01-01,49.0
Food and non alcoholic beverages,2013-02-01,48.8
Food and non alcoholic beverages,2013-03-01,48.7
Food and non alcoholic beverages,2013-04-01,49.0
Food and non alcoholic beverages,2013-05-01,49.0
Food and non alcoholic beverages,2013-06-01,49.0
Food and non alcoholic beverages,2013-07-01,49.0
Food and non alcoholic beverages,2013-08-01,49.2
Food and non alcoholic beverages,2013-09-01,49.5
Food and non alcoholic beverages,2013-10-01,50.0
Food and non alcoholic beverages,2013-11-01,50.4
Food and non alcoholic beverages,2013-12-01,50.3
Food and non alcoholic beverages,2014-01-01,51.1
Food and non alcoholic beverages,2014-02-01,51.4
Food and non alcoholic beverages,2014-03-01,52.1
Food and non alcoholic beverages,2014-04-01,52.8
Food and non alcoholic beverages,2014-05-01,53.3
Food and non alcoholic beverages,2014-06-01,53.3
Food and non alcoholic beverages,2014-07-01,53.3
Food and non alcoholic beverages,2014-08-01,53.8
Food and non alcoholic beverages,2014-09-01,53.8
Food and non alcoholic beverages,2014-10-01,53.9
Food and non alcoholic beverages,2014-11-01,54.2
Food and non alcoholic beverages,2014-12-01,53.9
Food and non alcoholic beverages,2015-01-01,54.5
Food and non alcoholic beverages,2015-02-01,54.7
Food and non alcoholic beverages,2015-03-01,55.2
Food and non alcoholic beverages,2015-04-01,55.4
Food and non alcoholic beverages,2015-05-01,55.8
Food and non alcoholic beverages,2015-06-01,55.6
Food and non alcoholic beverages,2015-07-01,55.7
Food and non alcoholic beverages,2015-08-01,56.2
Food and non alcoholic beverages,2015-09-01,56.2
Food and non alcoholic beverages,2015-10-01,56.5
Food and non alcoholic beverages,2015-11-01,56.8
Food and non alcoholic beverages,2015-12-01,57.1
Food and non alcoholic beverages,2016-01-01,58.2
Food and non alcoholic beverages,2016-02-01,59.4
Food and non alcoholic beverages,2016-03-01,60.4
Food and non alcoholic beverages,2016-04-01,61.5
Food and non alcoholic beverages,2016-05-01,61.7
Food and non alcoholic beverages,2016-06-01,61.7
Food and non alcoholic beverages,2016-07-01,61.9
Food and non alcoholic beverages,2016-08-01,62.5
Food and non alcoholic beverages,2016-09-01,62.5
Food and non alcoholic beverages,2016-10-01,63.1
Food and non alcoholic beverages,2016-11-01,63.4
Food and non alcoholic beverages,2016-12-01,63.8
Food and non alcoholic beverages,2017-01-01,64.9
Food and non alcoholic beverages,2017-02-01,65.3
Food and non alcoholic beverages,2017-03-01,65.6
Food and non alcoholic beverages,2017-04-01,65.6
Food and non alcoholic beverages,2017-05-01,65.9
Food and non alcoholic beverages,2017-06-01,65.9
Food and non alcoholic beverages,2017-07-01,66.2
Food and non alcoholic beverages,2017-08-01,66.0
Food and non alcoholic beverages,2017-09-01,65.9
Food and non alcoholic beverages,2017-10-01,66.4
Food and non alcoholic beverages,2017-11-01,66.6
Food and non alcoholic beverages,2017-12-01,66.9
Food and non alcoholic beverages,2018-01-01,67.8
Food and non alcoholic beverages,2018-02-01,67.8
Food and non alcoholic beverages,2018-03-01,67.9
Food and non alcoholic beverages,2018-04-01,68.2
Food and non alcoholic beverages,2018-05-01,68.2
Food and non alcoholic beverages,2018-06-01,68.2
Food and non alcoholic beverages,2018-07-01,68.4
Food and non alcoholic beverages,2018-08-01,68.3
Food and non alcoholic beverages,2018-09-01,68.5
Food and non alcoholic beverages,2018-10-01,68.6
Food and non alcoholic beverages,2018-11-01,68.9
Food and non alcoholic beverages,2018-12-01,68.9
Food and non alcoholic beverages,2019-01-01,69.8
Food and non alcoholic beverages,2019-02-01,69.8
Food and non alcoholic beverages,2019-03-01,70.0
Food and non alcoholic beverages,2019-04-01,70.2
Food and non alcoholic beverages,2019-05-01,70.3
Food and non alcoholic beverages,2019-06-01,70.6
Food and non alcoholic beverages,2019-07-01,70.6
Food and non alcoholic beverages,2019-08-01,71.0
Food and non alcoholic beverages,2019-09-01,71.2
Food and non alcoholic beverages,2019-10-01,71.1
Food and non alcoholic beverages,2019-11-01,71.3
Food and non alcoholic beverages,2019-12-01,71.6
Food and non alcoholic beverages,2020-01-01,72.5
Food and non alcoholic beverages,2020-02-01,72.8
Food and non alcoholic beverages,2020-03-01,73.0
Food and non alcoholic beverages,2020-04-01,73.2
Food and non alcoholic beverages,2020-05-01,73.4
Food and non alcoholic beverages,2020-06-01,73.6
Food and non alcoholic beverages,2020-07-01,73.8
Food and non alcoholic beverages,2020-08-01,73.8
Food and non alcoholic beverages,2020-09-01,73.9
Food and non alcoholic beverages,2020-10-01,75.0
Food and non alcoholic beverages,2020-11-01,75.4
Food and non alcoholic beverages,2020-12-01,75.8
Food and non alcoholic beverages,2021-01-01,76.4
Food and non alcoholic beverages,2021-02-01,76.6
Food and non alcoholic beverages,2021-03-01,77.1
Food and non alcoholic beverages,2021-04-01,77.8
Food and non alcoholic beverages,2021-05-01,78.3
Food and non alcoholic beverages,2021-06-01,78.6
Food and non alcoholic beverages,2021-07-01,78.6
Food and non alcoholic beverages,2021-08-01,78.9
Food and non alcoholic beverages,2021-09-01,78.9
Food and non alcoholic beverages,2021-10-01,79.5
Food and non alcoholic beverages,2021-11-01,79.6
Food and non alcoholic beverages,2021-12-01,80.0
Food and non alcoholic beverages,2022-01-01,80.7
Food and non alcoholic beverages,2022-02-01,81.4
Food and non alcoholic beverages,2022-03-01,81.9
Food and non alcoholic beverages,2022-04-01,82.5
Food and non alcoholic beverages,2022-05-01,84.2
Food and non alcoholic beverages,2022-06-01,85.3
Food and non alcoholic beverages,2022-07-01,86.2
Food and non alcoholic beverages,2022-08-01,87.8
Food and non alcoholic beverages,2022-09-01,88.2
Food and non alcoholic beverages,2022-10-01,89.0
Food and non alcoholic beverages,2022-11-01,89.5
Food and non alcoholic beverages,2022-12-01,89.9
Food and non alcoholic beverages,2023-01-01,91.5
Food and non alcoholic beverages,2023-02-01,92.5
Food and non alcoholic beverages,2023-03-01,93.4
Food and non alcoholic beverages,2023-04-01,93.9
Food and non alcoholic beverages,2023-05-01,94.2
Food and non alcoholic beverages,2023-06-01,94.6
Food and non alcoholic beverages,2023-07-01,94.8
Food and non alcoholic beverages,2023-08-01,94.8
Food and non alcoholic beverages,2023-09-01,95.4
Food and non alcoholic beverages,2023-10-01,96.8
Food and non alcoholic beverages,2023-11-01,97.6
Food and non alcoholic beverages,2023-12-01,97.5
Food and non alcoholic beverages,2024-01-01,98.1
Food and non alcoholic beverages,2024-02-01,98.1
Food and non alcoholic beverages,2024-03-01,98.2
Food and non alcoholic beverages,2024-04-01,98.3
Food and non alcoholic beverages,2024-05-01,98.6
Food and non alcoholic beverages,2024-06-01,99.0
Food and non alcoholic beverages,2024-07-01,99.0
Food and non alcoholic beverages,2024-08-01,99.3
Food and non alcoholic beverages,2024-09-01,99.8
Food and non alcoholic beverages,2024-10-01,100.2
Food and non alcoholic beverages,2024-11-01,99.8
Food and non alcoholic beverages,2024-12-01,100.0
Food and non alcoholic beverages,2025-01-01,100.4
Food and non alcoholic beverages,2025-02-01,100.8
Food and non alcoholic beverages,2025-03-01,100.9
Food and non alcoholic beverages,2025-04-01,102.2
Food and non alcoholic beverages,2025-05-01,103.3
Food and non alcoholic beverages,2025-06-01,104.0
Food and non alcoholic beverages,2025-07-01,104.6
Food and non alcoholic beverages,2025-08-01,104.5
Food and non alcoholic beverages,2025-09-01,104.3
Food and non alcoholic beverages,2025-10-01,104.1
Food and non alcoholic beverages,2025-11-01,104.2
Food and non alcoholic beverages,2025-12-01,104.4
Food and non alcoholic beverages,2026-01-01,104.8
Health,2008-01-01,38.8
Health,2008-02-01,40.7
Health,2008-03-01,40.7
Health,2008-04-01,40.7
Health,2008-05-01,41.1
Health,2008-06-01,41.2
Health,2008-07-01,41.3
Health,2008-08-01,41.4
Health,2008-09-01,41.4
Health,2008-10-01,41.4
Health,2008-11-01,41.8
Health,2008-12-01,41.8
Health,2009-01-01,41.8
Health,2009-02-01,44.4
Health,2009-03-01,45.4
Health,2009-04-01,45.7
Health,2009-05-01,45.8
Health,2009-06-01,45.8
Health,2009-07-01,45.8
Health,2009-08-01,46.0
Health,2009-09-01,46.0
Health,2009-10-01,46.0
Health,2009-11-01,46.0
Health,2009-12-01,46.0
Health,2010-01-01,46.0
Health,2010-02-01,48.4
Health,2010-03-01,48.7
Health,2010-04-01,48.7
Health,2010-05-01,48.7
Health,2010-06-01,49.1
Health,2010-07-01,49.3
Health,2010-08-01,49.3
Health,2010-09-01,49.3
Health,2010-10-01,49.3
Health,2010-11-01,49.5
Health,2010-12-01,49.5
Health,2011-01-01,49.5
Health,2011-02-01,51.6
Health,2011-03-01,51.7
Health,2011-04-01,51.7
Health,2011-05-01,51.8
Health,2011-06-01,51.7
Health,2011-07-01,51.9
Health,2011-08-01,51.8
Health,2011-09-01,51.9
Health,2011-10-01,52.0
Health,2011-11-01,52.1
Health,2011-12-01,52.1
Health,2012-01-01,52.1
Health,2012-02-01,54.3
Health,2012-03-01,54.3
Health,2012-04-01,54.5
Health,2012-05-01,54.6
Health,2012-06-01,54.5
Health,2012-07-01,54.6
Health,2012-08-01,54.6
Health,2012-09-01,54.7
Health,2012-10-01,54.8
Health,2012-11-01,54.9
Health,2012-12-01,54.9
Health,2013-01-01,54.9
Health,2013-02-01,56.5
Health,2013-03-01,56.5
Health,2013-04-01,57.1
Health,2013-05-01,57.3
Health,2013-06-01,57.2
Health,2013-07-01,57.2
Health,2013-08-01,57.2
Health,2013-09-01,57.3
Health,2013-10-01,57.5
Health,2013-11-01,57.4
Health,2013-12-01,57.4
Health,2014-01-01,57.4
Health,2014-02-01,59.4
Health,2014-03-01,59.5
Health,2014-04-01,59.8
Health,2014-05-01,60.0
Health,2014-06-01,60.2
Health,2014-07-01,60.5
Health,2014-08-01,60.3
Health,2014-09-01,60.6
Health,2014-10-01,60.8
Health,2014-11-01,60.8
Health,2014-12-01,60.6
Health,2015-01-01,60.8
Health,2015-02-01,62.8
Health,2015-03-01,63.0
Health,2015-04-01,63.4
Health,2015-05-01,64.1
Health,2015-06-01,63.9
Health,2015-07-01,64.1
Health,2015-08-01,64.1
Health,2015-09-01,64.1
Health,2015-10-01,64.4
Health,2015-11-01,64.3
Health,2015-12-01,64.4
Health,2016-01-01,64.3
Health,2016-02-01,66.3
Health,2016-03-01,67.1
Health,2016-04-01,67.4
Health,2016-05-01,67.3
Health,2016-06-01,67.3
Health,2016-07-01,67.4
Health,2016-08-01,67.4
Health,2016-09-01,67.4
Health,2016-10-01,67.7
Health,2016-11-01,67.9
Health,2016-12-01,68.0
Health,2017-01-01,68.1
Health,2017-02-01,70.7
Health,2017-03-01,71.3
Health,2017-04-01,71.6
Health,2017-05-01,71.9
Health,2017-06-01,72.0
Health,2017-07-01,72.2
Health,2017-08-01,72.0
Health,2017-09-01,72.2
Health,2017-10-01,72.3
Health,2017-11-01,72.3
Health,2017-12-01,72.0
Health,2018-01-01,72.3
Health,2018-02-01,74.7
Health,2018-03-01,74.9
Health,2018-04-01,75.2
Health,2018-05-01,75.3
Health,2018-06-01,75.3
Health,2018-07-01,75.3
Health,2018-08-01,75.8
Health,2018-09-01,76.0
Health,2018-10-01,75.9
Health,2018-11-01,75.9
Health,2018-12-01,75.7
Health,2019-01-01,75.7
Health,2019-02-01,77.9
Health,2019-03-01,78.9
Health,2019-04-01,78.7
Health,2019-05-01,79.3
Health,2019-06-01,79.4
Health,2019-07-01,79.5
Health,2019-08-01,79.5
Health,2019-09-01,79.6
Health,2019-10-01,79.5
Health,2019-11-01,79.6
Health,2019-12-01,79.3
Health,2020-01-01,79.6
Health,2020-02-01,82.2
Health,2020-03-01,82.5
Health,2020-04-01,82.5
Health,2020-05-01,82.5
Health,2020-06-01,82.4
Health,2020-07-01,82.6
Health,2020-08-01,82.7
Health,2020-09-01,82.6
Health,2020-10-01,82.7
Health,2020-11-01,82.7
Health,2020-12-01,82.8
Health,2021-01-01,83.2
Health,2021-02-01,84.5
Health,2021-03-01,85.0
Health,2021-04-01,85.3
Health,2021-05-01,85.4
Health,2021-06-01,85.5
Health,2021-07-01,85.6
Health,2021-08-01,85.6
Health,2021-09-01,85.7
Health,2021-10-01,85.8
Health,2021-11-01,85.8
Health,2021-12-01,85.9
Health,2022-01-01,86.0
Health,2022-02-01,88.7
Health,2022-03-01,89.1
Health,2022-04-01,89.3
Health,2022-05-01,89.6
Health,2022-06-01,89.9
Health,2022-07-01,89.4
Health,2022-08-01,89.5
Health,2022-09-01,89.3
Health,2022-10-01,89.8
Health,2022-11-01,89.9
Health,2022-12-01,90.0
Health,2023-01-01,90.1
Health,2023-02-01,93.2
Health,2023-03-01,93.7
Health,2023-04-01,94.2
Health,2023-05-01,94.8
Health,2023-06-01,95.2
Health,2023-07-01,95.0
Health,2023-08-01,95.1
Health,2023-09-01,95.2
Health,2023-10-01,95.5
Health,2023-11-01,95.7
Health,2023-12-01,95.9
Health,2024-01-01,96.0
Health,2024-02-01,99.0
Health,2024-03-01,99.4
Health,2024-04-01,99.8
Health,2024-05-01,99.8
Health,2024-06-01,99.9
Health,2024-07-01,99.8
Health,2024-08-01,99.9
Health,2024-09-01,100.0
Health,2024-10-01,100.1
Health,2024-11-01,100.1
Health,2024-12-01,100.0
Health,2025-01-01,100.2
Health,2025-02-01,102.8
Health,2025-03-01,103.6
Health,2025-04-01,104.0
Health,2025-05-01,104.2
Health,2025-06-01,104.5
Health,2025-07-01,104.4
Health,2025-08-01,104.6
Health,2025-09-01,104.9
Health,2025-10-01,105.0
Health,2025-11-01,105.0
Health,2025-12-01,105.0
Health,2026-01-01,105.2
Housing and utilities,2008-01-01,40.2
Housing and utilities,2008-02-01,40.2
Housing and utilities,2008-03-01,40.8
Housing and utilities,2008-04-01,40.9
Housing and utilities,2008-05-01,40.9
Housing and utilities,2008-06-01,41.6
Housing and utilities,2008-07-01,42.6
Housing and utilities,2008-08-01,42.9
Housing and utilities,2008-09-01,43.3
Housing and utilities,2008-10-01,43.4
Housing and utilities,2008-11-01,43.4
Housing and utilities,2008-12-01,43.7
Housing and utilities,2009-01-01,43.8
Housing and utilities,2009-02-01,43.8
Housing and utilities,2009-03-01,44.1
Housing and utilities,2009-04-01,44.2
Housing and utilities,2009-05-01,44.2
Housing and utilities,2009-06-01,44.6
Housing and utilities,2009-07-01,46.1
Housing and utilities,2009-08-01,46.3
Housing and utilities,2009-09-01,46.6
Housing and utilities,2009-10-01,46.6
Housing and utilities,2009-11-01,46.6
Housing and utilities,2009-12-01,46.9
Housing and utilities,2010-01-01,47.0
Housing and utilities,2010-02-01,47.0
Housing and utilities,2010-03-01,47.2
Housing and utilities,2010-04-01,47.2
Housing and utilities,2010-05-01,47.3
Housing and utilities,2010-06-01,47.6
Housing and utilities,2010-07-01,49.0
Housing and utilities,2010-08-01,49.2
Housing and utilities,2010-09-01,49.6
Housing and utilities,2010-10-01,49.6
Housing and utilities,2010-11-01,49.6
Housing and utilities,2010-12-01,49.8
Housing and utilities,2011-01-01,49.8
Housing and utilities,2011-02-01,49.9
Housing and utilities,2011-03-01,50.3
Housing and utilities,2011-04-01,50.3
Housing and utilities,2011-05-01,50.4
Housing and utilities,2011-06-01,50.9
Housing and utilities,2011-07-01,52.4
Housing and utilities,2011-08-01,52.6
Housing and utilities,2011-09-01,52.9
Housing and utilities,2011-10-01,52.9
Housing and utilities,2011-11-01,52.9
Housing and utilities,2011-12-01,53.1
Housing and utilities,2012-01-01,53.1
Housing and utilities,2012-02-01,53.1
Housing and utilities,2012-03-01,53.7
Housing and utilities,2012-04-01,53.7
Housing and utilities,2012-05-01,53.7
Housing and utilities,2012-06-01,54.2
Housing and utilities,2012-07-01,55.4
Housing and utilities,2012-08-01,55.6
Housing and utilities,2012-09-01,55.9
Housing and utilities,2012-10-01,56.0
Housing and utilities,2012-11-01,56.0
Housing and utilities,2012-12-01,56.3
Housing and utilities,2013-01-01,56.4
Housing and utilities,2013-02-01,56.4
Housing and utilities,2013-03-01,56.8
Housing and utilities,2013-04-01,56.8
Housing and utilities,2013-05-01,56.8
Housing and utilities,2013-06-01,57.3
Housing and utilities,2013-07-01,58.4
Housing and utilities,2013-08-01,58.5
Housing and utilities,2013-09-01,59.0
Housing and utilities,2013-10-01,59.0
Housing and utilities,2013-11-01,59.0
Housing and utilities,2013-12-01,59.4
Housing and utilities,2014-01-01,59.4
Housing and utilities,2014-02-01,59.5
Housing and utilities,2014-03-01,60.0
Housing and utilities,2014-04-01,60.1
Housing and utilities,2014-05-01,60.1
Housing and utilities,2014-06-01,60.6
Housing and utilities,2014-07-01,61.9
Housing and utilities,2014-08-01,62.0
Housing and utilities,2014-09-01,62.5
Housing and utilities,2014-10-01,62.5
Housing and utilities,2014-11-01,62.5
Housing and utilities,2014-12-01,62.8
Housing and utilities,2015-01-01,62.8
Housing and utilities,2015-02-01,62.8
Housing and utilities,2015-03-01,63.4
Housing and utilities,2015-04-01,63.4
Housing and utilities,2015-05-01,63.4
Housing and utilities,2015-06-01,63.9
Housing and utilities,2015-07-01,65.9
Housing and utilities,2015-08-01,65.9
Housing and utilities,2015-09-01,66.4
Housing and utilities,2015-10-01,66.4
Housing and utilities,2015-11-01,66.4
Housing and utilities,2015-12-01,67.0
Housing and utilities,2016-01-01,67.0
Housing and utilities,2016-02-01,67.0
Housing and utilities,2016-03-01,67.5
Housing and utilities,2016-04-01,67.5
Housing and utilities,2016-05-01,67.5
Housing and utilities,2016-06-01,68.1
Housing and utilities,2016-07-01,69.7
Housing and utilities,2016-08-01,69.7
Housing and utilities,2016-09-01,70.0
Housing and utilities,2016-10-01,70.0
Housing and utilities,2016-11-01,70.0
Housing and utilities,2016-12-01,70.7
Housing and utilities,2017-01-01,70.7
Housing and utilities,2017-02-01,70.7
Housing and utilities,2017-03-01,71.3
Housing and utilities,2017-04-01,71.3
Housing and utilities,2017-05-01,71.3
Housing and utilities,2017-06-01,72.0
Housing and utilities,2017-07-01,72.8
Housing and utilities,2017-08-01,72.8
Housing and utilities,2017-09-01,73.4
Housing and utilities,2017-10-01,73.5
Housing and utilities,2017-11-01,73.5
Housing and utilities,2017-12-01,73.8
Housing and utilities,2018-01-01,73.8
Housing and utilities,2018-02-01,73.9
Housing and utilities,2018-03-01,74.6
Housing and utilities,2018-04-01,74.7
Housing and utilities,2018-05-01,74.7
Housing and utilities,2018-06-01,74.9
Housing and utilities,2018-07-01,76.7
Housing and utilities,2018-08-01,76.7
Housing and utilities,2018-09-01,77.4
Housing and utilities,2018-10-01,77.4
Housing and utilities,2018-11-01,77.4
Housing and utilities,2018-12-01,77.8
Housing and utilities,2019-01-01,77.8
Housing and utilities,2019-02-01,77.8
Housing and utilities,2019-03-01,78.0
Housing and utilities,2019-04-01,78.0
Housing and utilities,2019-05-01,78.1
Housing and utilities,2019-06-01,78.7
Housing and utilities,2019-07-01,80.6
Housing and utilities,2019-08-01,80.7
Housing and utilities,2019-09-01,81.1
Housing and utilities,2019-10-01,81.1
Housing and utilities,2019-11-01,81.1
Housing and utilities,2019-12-01,81.4
Housing and utilities,2020-01-01,81.4
Housing and utilities,2020-02-01,81.4
Housing and utilities,2020-03-01,81.7
Housing and utilities,2020-04-01,81.7
Housing and utilities,2020-05-01,81.7
Housing and utilities,2020-06-01,81.7
Housing and utilities,2020-07-01,83.2
Housing and utilities,2020-08-01,83.2
Housing and utilities,2020-09-01,83.4
Housing and utilities,2020-10-01,83.4
Housing and utilities,2020-11-01,83.4
Housing and utilities,2020-12-01,83.5
Housing and utilities,2021-01-01,83.5
Housing and utilities,2021-02-01,83.5
Housing and utilities,2021-03-01,83.5
Housing and utilities,2021-04-01,83.5
Housing and utilities,2021-05-01,83.5
Housing and utilities,2021-06-01,83.9
Housing and utilities,2021-07-01,86.3
Housing and utilities,2021-08-01,86.4
Housing and utilities,2021-09-01,86.7
Housing and utilities,2021-10-01,86.7
Housing and utilities,2021-11-01,86.7
Housing and utilities,2021-12-01,87.1
Housing and utilities,2022-01-01,87.1
Housing and utilities,2022-02-01,87.2
Housing and utilities,2022-03-01,87.5
Housing and utilities,2022-04-01,87.5
Housing and utilities,2022-05-01,87.6
Housing and utilities,2022-06-01,88.2
Housing and utilities,2022-07-01,89.8
Housing and utilities,2022-08-01,89.9
Housing and utilities,2022-09-01,90.3
Housing and utilities,2022-10-01,90.4
Housing and utilities,2022-11-01,90.4
Housing and utilities,2022-12-01,90.7
Housing and utilities,2023-01-01,90.7
Housing and utilities,2023-02-01,90.7
Housing and utilities,2023-03-01,91.0
Housing and utilities,2023-04-01,91.1
Housing and utilities,2023-05-01,91.1
Housing and utilities,2023-06-01,91.8
Housing and utilities,2023-07-01,94.4
Housing and utilities,2023-08-01,94.9
Housing and utilities,2023-09-01,95.3
Housing and utilities,2023-10-01,95.3
Housing and utilities,2023-11-01,95.4
Housing and utilities,2023-12-01,95.8
Housing and utilities,2024-01-01,95.8
Housing and utilities,2024-02-01,95.9
Housing and utilities,2024-03-01,96.4
Housing and utilities,2024-04-01,96.4
Housing and utilities,2024-05-01,96.4
Housing and utilities,2024-06-01,96.9
Housing and utilities,2024-07-01,99.4
Housing and utilities,2024-08-01,99.4
Housing and utilities,2024-09-01,99.8
Housing and utilities,2024-10-01,99.8
Housing and utilities,2024-11-01,99.8
Housing and utilities,2024-12-01,100.0
Housing and utilities,2025-01-01,100.1
Housing and utilities,2025-02-01,100.1
Housing and utilities,2025-03-01,100.6
Housing and utilities,2025-04-01,100.6
Housing and utilities,2025-05-01,100.7
Housing and utilities,2025-06-01,101.2
Housing and utilities,2025-07-01,103.7
Housing and utilities,2025-08-01,103.7
Housing and utilities,2025-09-01,104.3
Housing and utilities,2025-10-01,104.3
Housing and utilities,2025-11-01,104.3
Housing and utilities,2025-12-01,104.9
Housing and utilities,2026-01-01,104.9
Information and communication,2008-01-01,106.6
Information and communication,2008-02-01,106.5
Information and communication,2008-03-01,106.4
Information and communication,2008-04-01,106.0
Information and communication,2008-05-01,106.1
Information and communication,2008-06-01,106.1
Information and communication,2008-07-01,106.0
Information and communication,2008-08-01,107.3
Information and communication,2008-09-01,107.1
Information and communication,2008-10-01,107.1
Information and communication,2008-11-01,107.0
Information and communication,2008-12-01,107.1
Information and communication,2009-01-01,107.3
Information and communication,2009-02-01,107.2
Information and communication,2009-03-01,107.1
Information and communication,2009-04-01,107.0
Information and communication,2009-05-01,107.0
Information and communication,2009-06-01,106.7
Information and communication,2009-07-01,106.6
Information and communication,2009-08-01,108.7
Information and communication,2009-09-01,108.1
Information and communication,2009-10-01,107.6
Information and communication,2009-11-01,107.4
Information and communication,2009-12-01,107.3
Information and communication,2010-01-01,107.2
Information and communication,2010-02-01,107.1
Information and communication,2010-03-01,106.1
Information and communication,2010-04-01,105.9
Information and communication,2010-05-01,105.7
Information and communication,2010-06-01,105.5
Information and communication,2010-07-01,105.3
Information and communication,2010-08-01,105.5
Information and communication,2010-09-01,105.3
Information and communication,2010-10-01,105.2
Information and communication,2010-11-01,104.9
Information and communication,2010-12-01,104.8
Information and communication,2011-01-01,104.7
Information and communication,2011-02-01,104.4
Information and communication,2011-03-01,104.2
Information and communication,2011-04-01,104.2
Information and communication,2011-05-01,104.0
Information and communication,2011-06-01,104.0
Information and communication,2011-07-01,103.9
Information and communication,2011-08-01,103.3
Information and communication,2011-09-01,103.2
Information and communication,2011-10-01,103.2
Information and communication,2011-11-01,103.1
Information and communication,2011-12-01,103.0
Information and communication,2012-01-01,103.0
Information and communication,2012-02-01,102.8
Information and communication,2012-03-01,102.8
Information and communication,2012-04-01,103.0
Information and communication,2012-05-01,102.9
Information and communication,2012-06-01,102.9
Information and communication,2012-07-01,102.9
Information and communication,2012-08-01,103.0
Information and communication,2012-09-01,103.0
Information and communication,2012-10-01,103.0
Information and communication,2012-11-01,103.1
Information and communication,2012-12-01,103.0
Information and communication,2013-01-01,103.0
Information and communication,2013-02-01,102.9
Information and communication,2013-03-01,103.8
Information and communication,2013-04-01,103.8
Information and communication,2013-05-01,103.8
Information and communication,2013-06-01,104.4
Information and communication,2013-07-01,104.8
Information and communication,2013-08-01,105.2
Information and communication,2013-09-01,104.8
Information and communication,2013-10-01,105.4
Information and communication,2013-11-01,104.2
Information and communication,2013-12-01,104.1
Information and communication,2014-01-01,104.1
Information and communication,2014-02-01,104.1
Information and communication,2014-03-01,104.0
Information and communication,2014-04-01,103.4
Information and communication,2014-05-01,103.3
Information and communication,2014-06-01,103.3
Information and communication,2014-07-01,103.3
Information and communication,2014-08-01,103.5
Information and communication,2014-09-01,103.4
Information and communication,2014-10-01,103.3
Information and communication,2014-11-01,103.3
Information and communication,2014-12-01,102.4
Information and communication,2015-01-01,102.4
Information and communication,2015-02-01,102.4
Information and communication,2015-03-01,102.4
Information and communication,2015-04-01,102.4
Information and communication,2015-05-01,102.9
Information and communication,2015-06-01,102.9
Information and communication,2015-07-01,102.6
Information and communication,2015-08-01,102.7
Information and communication,2015-09-01,102.7
Information and communication,2015-10-01,102.6
Information and communication,2015-11-01,102.6
Information and communication,2015-12-01,102.6
Information and communication,2016-01-01,102.7
Information and communication,2016-02-01,102.6
Information and communication,2016-03-01,102.5
Information and communication,2016-04-01,102.5
Information and communication,2016-05-01,102.5
Information and communication,2016-06-01,102.5
Information and communication,2016-07-01,102.5
Information and communication,2016-08-01,102.5
Information and communication,2016-09-01,102.5
Information and communication,2016-10-01,102.5
Information and communication,2016-11-01,102.4
Information and communication,2016-12-01,102.4
Information and communication,2017-01-01,102.3
Information and communication,2017-02-01,102.3
Information and communication,2017-03-01,101.6
Information and communication,2017-04-01,101.7
Information and communication,2017-05-01,101.6
Information and communication,2017-06-01,101.4
Information and communication,2017-07-01,101.3
Information and communication,2017-08-01,101.2
Information and communication,2017-09-01,101.1
Information and communication,2017-10-01,101.0
Information and communication,2017-11-01,100.8
Information and communication,2017-12-01,100.7
Information and communication,2018-01-01,100.7
Information and communication,2018-02-01,100.7
Information and communication,2018-03-01,100.6
Information and communication,2018-04-01,102.7
Information and communication,2018-05-01,102.7
Information and communication,2018-06-01,102.5
Information and communication,2018-07-01,102.4
Information and communication,2018-08-01,102.4
Information and communication,2018-09-01,102.2
Information and communication,2018-10-01,102.2
Information and communication,2018-11-01,102.2
Information and communication,2018-12-01,102.1
Information and communication,2019-01-01,102.2
Information and communication,2019-02-01,102.2
Information and communication,2019-03-01,102.1
Information and communication,2019-04-01,102.3
Information and communication,2019-05-01,102.2
Information and communication,2019-06-01,102.2
Information and communication,2019-07-01,102.3
Information and communication,2019-08-01,102.3
Information and communication,2019-09-01,102.2
Information and communication,2019-10-01,102.3
Information and communication,2019-11-01,102.2
Information and communication,2019-12-01,102.2
Information and communication,2020-01-01,102.3
Information and communication,2020-02-01,102.2
Information and communication,2020-03-01,102.2
Information and communication,2020-04-01,102.0
Information and communication,2020-05-01,101.8
Information and communication,2020-06-01,102.1
Information and communication,2020-07-01,102.1
Information and communication,2020-08-01,102.0
Information and communication,2020-09-01,102.0
Information and communication,2020-10-01,101.9
Information and communication,2020-11-01,101.8
Information and communication,2020-12-01,101.7
Information and communication,2021-01-01,101.8
Information and communication,2021-02-01,101.7
Information and communication,2021-03-01,101.7
Information and communication,2021-04-01,101.6
Information and communication,2021-05-01,101.6
Information and communication,2021-06-01,101.6
Information and communication,2021-07-01,101.6
Information and communication,2021-08-01,101.5
Information and communication,2021-09-01,101.4
Information and communication,2021-10-01,101.3
Information and communication,2021-11-01,101.2
Information and communication,2021-12-01,101.1
Information and communication,2022-01-01,100.9
Information and communication,2022-02-01,100.8
Information and communication,2022-03-01,100.8
Information and communication,2022-04-01,100.7
Information and communication,2022-05-01,101.0
Information and communication,2022-06-01,101.4
Information and communication,2022-07-01,101.0
Information and communication,2022-08-01,101.2
Information and communication,2022-09-01,101.0
Information and communication,2022-10-01,100.9
Information and communication,2022-11-01,100.3
Information and communication,2022-12-01,100.2
Information and communication,2023-01-01,100.5
Information and communication,2023-02-01,100.9
Information and communication,2023-03-01,100.8
Information and communication,2023-04-01,100.9
Information and communication,2023-05-01,100.8
Information and communication,2023-06-01,100.7
Information and communication,2023-07-01,100.6
Information and communication,2023-08-01,100.6
Information and communication,2023-09-01,100.6
Information and communication,2023-10-01,100.6
Information and communication,2023-11-01,100.4
Information and communication,2023-12-01,100.2
Information and communication,2024-01-01,100.3
Information and communication,2024-02-01,100.1
Information and communication,2024-03-01,100.0
Information and communication,2024-04-01,100.8
Information and communication,2024-05-01,100.5
Information and communication,2024-06-01,100.4
Information and communication,2024-07-01,100.4
Information and communication,2024-08-01,100.3
Information and communication,2024-09-01,100.1
Information and communication,2024-10-01,100.1
Information and communication,2024-11-01,100.0
Information and communication,2024-12-01,100.0
Information and communication,2025-01-01,99.8
Information and communication,2025-02-01,99.7
Information and communication,2025-03-01,99.6
Information and communication,2025-04-01,101.5
Information and communication,2025-05-01,101.5
Information and communication,2025-06-01,101.5
Information and communication,2025-07-01,101.4
Information and communication,2025-08-01,101.2
Information and communication,2025-09-01,101.0
Information and communication,2025-10-01,100.7
Information and communication,2025-11-01,100.3
Information and communication,2025-12-01,100.2
Information and communication,2026-01-01,100.2
"Recreation, sport and culture",2008-01-01,63.6
"Recreation, sport and culture",2008-02-01,63.6
"Recreation, sport and culture",2008-03-01,63.6
"Recreation, sport and culture",2008-04-01,64.2
"Recreation, sport and culture",2008-05-01,65.2
"Recreation, sport and culture",2008-06-01,65.2
"Recreation, sport and culture",2008-07-01,65.4
"Recreation, sport and culture",2008-08-01,66.7
"Recreation, sport and culture",2008-09-01,66.9
"Recreation, sport and culture",2008-10-01,67.3
"Recreation, sport and culture",2008-11-01,69.0
"Recreation, sport and culture",2008-12-01,68.3
"Recreation, sport and culture",2009-01-01,69.0
"Recreation, sport and culture",2009-02-01,69.8
"Recreation, sport and culture",2009-03-01,73.0
"Recreation, sport and culture",2009-04-01,74.0
"Recreation, sport and culture",2009-05-01,74.3
"Recreation, sport and culture",2009-06-01,74.0
"Recreation, sport and culture",2009-07-01,74.5
"Recreation, sport and culture",2009-08-01,74.6
"Recreation, sport and culture",2009-09-01,74.5
"Recreation, sport and culture",2009-10-01,74.5
"Recreation, sport and culture",2009-11-01,74.5
"Recreation, sport and culture",2009-12-01,74.6
"Recreation, sport and culture",2010-01-01,74.6
"Recreation, sport and culture",2010-02-01,74.1
"Recreation, sport and culture",2010-03-01,74.7
"Recreation, sport and culture",2010-04-01,73.4
"Recreation, sport and culture",2010-05-01,73.4
"Recreation, sport and culture",2010-06-01,73.0
"Recreation, sport and culture",2010-07-01,72.8
"Recreation, sport and culture",2010-08-01,73.1
"Recreation, sport and culture",2010-09-01,72.9
"Recreation, sport and culture",2010-10-01,73.3
"Recreation, sport and culture",2010-11-01,73.4
"Recreation, sport and culture",2010-12-01,73.4
"Recreation, sport and culture",2011-01-01,72.9
"Recreation, sport and culture",2011-02-01,72.9
"Recreation, sport and culture",2011-03-01,73.4
"Recreation, sport and culture",2011-04-01,73.6
"Recreation, sport and culture",2011-05-01,73.9
"Recreation, sport and culture",2011-06-01,73.5
"Recreation, sport and culture",2011-07-01,73.0
"Recreation, sport and culture",2011-08-01,72.8
"Recreation, sport and culture",2011-09-01,73.0
"Recreation, sport and culture",2011-10-01,72.4
"Recreation, sport and culture",2011-11-01,73.0
"Recreation, sport and culture",2011-12-01,72.8
"Recreation, sport and culture",2012-01-01,72.8
"Recreation, sport and culture",2012-02-01,73.0
"Recreation, sport and culture",2012-03-01,72.8
"Recreation, sport and culture",2012-04-01,73.4
"Recreation, sport and culture",2012-05-01,73.0
"Recreation, sport and culture",2012-06-01,73.4
"Recreation, sport and culture",2012-07-01,73.8
"Recreation, sport and culture",2012-08-01,73.8
"Recreation, sport and culture",2012-09-01,74.1
"Recreation, sport and culture",2012-10-01,75.0
"Recreation, sport and culture",2012-11-01,75.0
"Recreation, sport and culture",2012-12-01,74.7
"Recreation, sport and culture",2013-01-01,75.0
"Recreation, sport and culture",2013-02-01,75.7
"Recreation, sport and culture",2013-03-01,76.1
"Recreation, sport and culture",2013-04-01,76.3
"Recreation, sport and culture",2013-05-01,76.4
"Recreation, sport and culture",2013-06-01,76.5
"Recreation, sport and culture",2013-07-01,76.3
"Recreation, sport and culture",2013-08-01,76.5
"Recreation, sport and culture",2013-09-01,76.8
"Recreation, sport and culture",2013-10-01,76.8
"Recreation, sport and culture",2013-11-01,77.0
"Recreation, sport and culture",2013-12-01,76.9
"Recreation, sport and culture",2014-01-01,77.6
"Recreation, sport and culture",2014-02-01,77.6
"Recreation, sport and culture",2014-03-01,77.8
"Recreation, sport and culture",2014-04-01,78.3
"Recreation, sport and culture",2014-05-01,78.5
"Recreation, sport and culture",2014-06-01,78.6
"Recreation, sport and culture",2014-07-01,78.8
"Recreation, sport and culture",2014-08-01,79.0
"Recreation, sport and culture",2014-09-01,79.0
"Recreation, sport and culture",2014-10-01,79.0
"Recreation, sport and culture",2014-11-01,79.1
"Recreation, sport and culture",2014-12-01,79.2
"Recreation, sport and culture",2015-01-01,79.5
"Recreation, sport and culture",2015-02-01,79.7
"Recreation, sport and culture",2015-03-01,79.6
"Recreation, sport and culture",2015-04-01,79.9
"Recreation, sport and culture",2015-05-01,79.9
"Recreation, sport and culture",2015-06-01,80.1
"Recreation, sport and culture",2015-07-01,80.5
"Recreation, sport and culture",2015-08-01,80.8
"Recreation, sport and culture",2015-09-01,80.7
"Recreation, sport and culture",2015-10-01,81.2
"Recreation, sport and culture",2015-11-01,81.6
"Recreation, sport and culture",2015-12-01,81.3
"Recreation, sport and culture",2016-01-01,84.2
"Recreation, sport and culture",2016-02-01,84.5
"Recreation, sport and culture",2016-03-01,84.6
"Recreation, sport and culture",2016-04-01,84.9
"Recreation, sport and culture",2016-05-01,84.8
"Recreation, sport and culture",2016-06-01,85.4
"Recreation, sport and culture",2016-07-01,85.6
"Recreation, sport and culture",2016-08-01,86.2
"Recreation, sport and culture",2016-09-01,86.2
"Recreation, sport and culture",2016-10-01,86.7
"Recreation, sport and culture",2016-11-01,86.6
"Recreation, sport and culture",2016-12-01,87.5
"Recreation, sport and culture",2017-01-01,87.4
"Recreation, sport and culture",2017-02-01,87.7
"Recreation, sport and culture",2017-03-01,87.8
"Recreation, sport and culture",2017-04-01,88.0
"Recreation, sport and culture",2017-05-01,88.0
"Recreation, sport and culture",2017-06-01,88.1
"Recreation, sport and culture",2017-07-01,88.3
"Recreation, sport and culture",2017-08-01,88.3
"Recreation, sport and culture",2017-09-01,88.1
"Recreation, sport and culture",2017-10-01,88.0
"Recreation, sport and culture",2017-11-01,87.9
"Recreation, sport and culture",2017-12-01,87.9
"Recreation, sport and culture",2018-01-01,88.0
"Recreation, sport and culture",2018-02-01,88.1
"Recreation, sport and culture",2018-03-01,88.0
"Recreation, sport and culture",2018-04-01,89.2
"Recreation, sport and culture",2018-05-01,89.2
"Recreation, sport and culture",2018-06-01,88.7
"Recreation, sport and culture",2018-07-01,88.7
"Recreation, sport and culture",2018-08-01,88.6
"Recreation, sport and culture",2018-09-01,88.6
"Recreation, sport and culture",2018-10-01,88.7
"Recreation, sport and culture",2018-11-01,88.7
"Recreation, sport and culture",2018-12-01,88.8
"Recreation, sport and culture",2019-01-01,89.0
"Recreation, sport and culture",2019-02-01,89.2
"Recreation, sport and culture",2019-03-01,89.1
"Recreation, sport and culture",2019-04-01,89.4
"Recreation, sport and culture",2019-05-01,89.5
"Recreation, sport and culture",2019-06-01,89.4
"Recreation, sport and culture",2019-07-01,89.4
"Recreation, sport and culture",2019-08-01,89.7
"Recreation, sport and culture",2019-09-01,89.8
"Recreation, sport and culture",2019-10-01,89.6
"Recreation, sport and culture",2019-11-01,89.8
"Recreation, sport and culture",2019-12-01,89.9
"Recreation, sport and culture",2020-01-01,89.7
"Recreation, sport and culture",2020-02-01,89.9
"Recreation, sport and culture",2020-03-01,89.9
"Recreation, sport and culture",2020-04-01,89.8
"Recreation, sport and culture",2020-05-01,90.4
"Recreation, sport and culture",2020-06-01,90.4
"Recreation, sport and culture",2020-07-01,90.5
"Recreation, sport and culture",2020-08-01,90.5
"Recreation, sport and culture",2020-09-01,90.8
"Recreation, sport and culture",2020-10-01,91.2
"Recreation, sport and culture",2020-11-01,91.4
"Recreation, sport and culture",2020-12-01,91.4
"Recreation, sport and culture",2021-01-01,91.1
"Recreation, sport and culture",2021-02-01,91.1
"Recreation, sport and culture",2021-03-01,91.5
"Recreation, sport and culture",2021-04-01,91.9
"Recreation, sport and culture",2021-05-01,91.8
"Recreation, sport and culture",2021-06-01,91.8
"Recreation, sport and culture",2021-07-01,92.0
"Recreation, sport and culture",2021-08-01,92.3
"Recreation, sport and culture",2021-09-01,92.3
"Recreation, sport and culture",2021-10-01,92.5
"Recreation, sport and culture",2021-11-01,92.6
"Recreation, sport and culture",2021-12-01,92.7
"Recreation, sport and culture",2022-01-01,92.9
"Recreation, sport and culture",2022-02-01,93.0
"Recreation, sport and culture",2022-03-01,93.0
"Recreation, sport and culture",2022-04-01,93.3
"Recreation, sport and culture",2022-05-01,93.6
"Recreation, sport and culture",2022-06-01,93.8
"Recreation, sport and culture",2022-07-01,94.8
"Recreation, sport and culture",2022-08-01,94.9
"Recreation, sport and culture",2022-09-01,95.0
"Recreation, sport and culture",2022-10-01,95.2
"Recreation, sport and culture",2022-11-01,95.3
"Recreation, sport and culture",2022-12-01,95.8
"Recreation, sport and culture",2023-01-01,95.8
"Recreation, sport and culture",2023-02-01,95.7
"Recreation, sport and culture",2023-03-01,96.6
"Recreation, sport and culture",2023-04-01,97.2
"Recreation, sport and culture",2023-05-01,97.1
"Recreation, sport and culture",2023-06-01,97.6
"Recreation, sport and culture",2023-07-01,97.8
"Recreation, sport and culture",2023-08-01,98.1
"Recreation, sport and culture",2023-09-01,98.5
"Recreation, sport and culture",2023-10-01,98.5
"Recreation, sport and culture",2023-11-01,98.6
"Recreation, sport and culture",2023-12-01,98.5
"Recreation, sport and culture",2024-01-01,98.9
"Recreation, sport and culture",2024-02-01,98.9
"Recreation, sport and culture",2024-03-01,99.2
"Recreation, sport and culture",2024-04-01,99.9
"Recreation, sport and culture",2024-05-01,99.9
"Recreation, sport and culture",2024-06-01,99.7
"Recreation, sport and culture",2024-07-01,99.8
"Recreation, sport and culture",2024-08-01,99.9
"Recreation, sport and culture",2024-09-01,99.9
"Recreation, sport and culture",2024-10-01,99.9
"Recreation, sport and culture",2024-11-01,99.7
"Recreation, sport and culture",2024-12-01,100.0
"Recreation, sport and culture",2025-01-01,100.4
"Recreation, sport and culture",2025-02-01,101.0
"Recreation, sport and culture",2025-03-01,101.5
"Recreation, sport and culture",2025-04-01,101.6
"Recreation, sport and culture",2025-05-01,101.6
"Recreation, sport and culture",2025-06-01,101.7
"Recreation, sport and culture",2025-07-01,102.3
"Recreation, sport and culture",2025-08-01,102.7
"Recreation, sport and culture",2025-09-01,102.8
"Recreation, sport and culture",2025-10-01,103.3
"Recreation, sport and culture",2025-11-01,102.6
"Recreation, sport and culture",2025-12-01,102.5
"Recreation, sport and culture",2026-01-01,102.8
Restaurants and accommodation services,2008-01-01,38.6
Restaurants and accommodation services,2008-02-01,38.9
Restaurants and accommodation services,2008-03-01,39.6
Restaurants and accommodation services,2008-04-01,39.9
Restaurants and accommodation services,2008-05-01,40.3
Restaurants and accommodation services,2008-06-01,40.7
Restaurants and accommodation services,2008-07-01,41.5
Restaurants and accommodation services,2008-08-01,41.7
Restaurants and accommodation services,2008-09-01,41.9
Restaurants and accommodation services,2008-10-01,42.9
Restaurants and accommodation services,2008-11-01,43.1
Restaurants and accommodation services,2008-12-01,43.5
Restaurants and accommodation services,2009-01-01,43.7
Restaurants and accommodation services,2009-02-01,44.1
Restaurants and accommodation services,2009-03-01,45.0
Restaurants and accommodation services,2009-04-01,45.2
Restaurants and accommodation services,2009-05-01,45.5
Restaurants and accommodation services,2009-06-01,45.7
Restaurants and accommodation services,2009-07-01,45.8
Restaurants and accommodation services,2009-08-01,45.8
Restaurants and accommodation services,2009-09-01,46.0
Restaurants and accommodation services,2009-10-01,46.3
Restaurants and accommodation services,2009-11-01,46.4
Restaurants and accommodation services,2009-12-01,46.9
Restaurants and accommodation services,2010-01-01,47.4
Restaurants and accommodation services,2010-02-01,47.5
Restaurants and accommodation services,2010-03-01,48.2
Restaurants and accommodation services,2010-04-01,48.3
Restaurants and accommodation services,2010-05-01,48.5
Restaurants and accommodation services,2010-06-01,50.6
Restaurants and accommodation services,2010-07-01,48.7
Restaurants and accommodation services,2010-08-01,48.7
Restaurants and accommodation services,2010-09-01,49.0
Restaurants and accommodation services,2010-10-01,49.2
Restaurants and accommodation services,2010-11-01,49.4
Restaurants and accommodation services,2010-12-01,49.5
Restaurants and accommodation services,2011-01-01,49.7
Restaurants and accommodation services,2011-02-01,49.9
Restaurants and accommodation services,2011-03-01,50.5
Restaurants and accommodation services,2011-04-01,50.9
Restaurants and accommodation services,2011-05-01,51.0
Restaurants and accommodation services,2011-06-01,51.1
Restaurants and accommodation services,2011-07-01,51.3
Restaurants and accommodation services,2011-08-01,51.4
Restaurants and accommodation services,2011-09-01,51.6
Restaurants and accommodation services,2011-10-01,52.0
Restaurants and accommodation services,2011-11-01,52.1
Restaurants and accommodation services,2011-12-01,52.3
Restaurants and accommodation services,2012-01-01,52.5
Restaurants and accommodation services,2012-02-01,52.7
Restaurants and accommodation services,2012-03-01,53.5
Restaurants and accommodation services,2012-04-01,54.0
Restaurants and accommodation services,2012-05-01,54.2
Restaurants and accommodation services,2012-06-01,54.4
Restaurants and accommodation services,2012-07-01,54.5
Restaurants and accommodation services,2012-08-01,54.6
Restaurants and accommodation services,2012-09-01,54.7
Restaurants and accommodation services,2012-10-01,54.9
Restaurants and accommodation services,2012-11-01,55.4
Restaurants and accommodation services,2012-12-01,55.8
Restaurants and accommodation services,2013-01-01,56.4
Restaurants and accommodation services,2013-02-01,56.5
Restaurants and accommodation services,2013-03-01,56.8
Restaurants and accommodation services,2013-04-01,57.1
Restaurants and accommodation services,2013-05-01,57.5
Restaurants and accommodation services,2013-06-01,57.6
Restaurants and accommodation services,2013-07-01,58.0
Restaurants and accommodation services,2013-08-01,58.2
Restaurants and accommodation services,2013-09-01,58.6
Restaurants and accommodation services,2013-10-01,58.8
Restaurants and accommodation services,2013-11-01,59.4
Restaurants and accommodation services,2013-12-01,59.8
Restaurants and accommodation services,2014-01-01,60.5
Restaurants and accommodation services,2014-02-01,60.8
Restaurants and accommodation services,2014-03-01,61.5
Restaurants and accommodation services,2014-04-01,62.0
Restaurants and accommodation services,2014-05-01,62.2
Restaurants and accommodation services,2014-06-01,62.4
Restaurants and accommodation services,2014-07-01,62.7
Restaurants and accommodation services,2014-08-01,63.2
Restaurants and accommodation services,2014-09-01,63.8
Restaurants and accommodation services,2014-10-01,64.0
Restaurants and accommodation services,2014-11-01,64.7
Restaurants and accommodation services,2014-12-01,64.9
Restaurants and accommodation services,2015-01-01,64.9
Restaurants and accommodation services,2015-02-01,65.1
Restaurants and accommodation services,2015-03-01,65.7
Restaurants and accommodation services,2015-04-01,65.5
Restaurants and accommodation services,2015-05-01,66.1
Restaurants and accommodation services,2015-06-01,66.3
Restaurants and accommodation services,2015-07-01,66.4
Restaurants and accommodation services,2015-08-01,66.7
Restaurants and accommodation services,2015-09-01,66.9
Restaurants and accommodation services,2015-10-01,67.4
Restaurants and accommodation services,2015-11-01,68.1
Restaurants and accommodation services,2015-12-01,68.2
Restaurants and accommodation services,2016-01-01,68.6
Restaurants and accommodation services,2016-02-01,69.2
Restaurants and accommodation services,2016-03-01,69.5
Restaurants and accommodation services,2016-04-01,69.3
Restaurants and accommodation services,2016-05-01,69.9
Restaurants and accommodation services,2016-06-01,70.4
Restaurants and accommodation services,2016-07-01,70.9
Restaurants and accommodation services,2016-08-01,71.1
Restaurants and accommodation services,2016-09-01,71.4
Restaurants and accommodation services,2016-10-01,71.9
Restaurants and accommodation services,2016-11-01,72.4
Restaurants and accommodation services,2016-12-01,72.9
Restaurants and accommodation services,2017-01-01,72.9
Restaurants and accommodation services,2017-02-01,73.6
Restaurants and accommodation services,2017-03-01,73.8
Restaurants and accommodation services,2017-04-01,73.7
Restaurants and accommodation services,2017-05-01,73.2
Restaurants and accommodation services,2017-06-01,73.4
Restaurants and accommodation services,2017-07-01,73.9
Restaurants and accommodation services,2017-08-01,74.1
Restaurants and accommodation services,2017-09-01,73.9
Restaurants and accommodation services,2017-10-01,74.3
Restaurants and accommodation services,2017-11-01,74.8
Restaurants and accommodation services,2017-12-01,75.2
Restaurants and accommodation services,2018-01-01,75.4
Restaurants and accommodation services,2018-02-01,75.9
Restaurants and accommodation services,2018-03-01,75.9
Restaurants and accommodation services,2018-04-01,76.9
Restaurants and accommodation services,2018-05-01,76.9
Restaurants and accommodation services,2018-06-01,76.6
Restaurants and accommodation services,2018-07-01,76.9
Restaurants and accommodation services,2018-08-01,77.1
Restaurants and accommodation services,2018-09-01,77.3
Restaurants and accommodation services,2018-10-01,77.4
Restaurants and accommodation services,2018-11-01,77.9
Restaurants and accommodation services,2018-12-01,77.9
Restaurants and accommodation services,2019-01-01,78.2
Restaurants and accommodation services,2019-02-01,78.9
Restaurants and accommodation services,2019-03-01,79.2
Restaurants and accommodation services,2019-04-01,79.0
Restaurants and accommodation services,2019-05-01,79.4
Restaurants and accommodation services,2019-06-01,79.4
Restaurants and accommodation services,2019-07-01,79.1
Restaurants and accommodation services,2019-08-01,79.4
Restaurants and accommodation services,2019-09-01,79.9
Restaurants and accommodation services,2019-10-01,79.9
Restaurants and accommodation services,2019-11-01,80.3
Restaurants and accommodation services,2019-12-01,80.2
Restaurants and accommodation services,2020-01-01,80.0
Restaurants and accommodation services,2020-02-01,80.3
Restaurants and accommodation services,2020-03-01,80.3
Restaurants and accommodation services,2020-04-01,79.9
Restaurants and accommodation services,2020-05-01,79.4
Restaurants and accommodation services,2020-06-01,79.5
Restaurants and accommodation services,2020-07-01,80.0
Restaurants and accommodation services,2020-08-01,79.9
Restaurants and accommodation services,2020-09-01,79.4
Restaurants and accommodation services,2020-10-01,79.6
Restaurants and accommodation services,2020-11-01,80.3
Restaurants and accommodation services,2020-12-01,79.9
Restaurants and accommodation services,2021-01-01,80.3
Restaurants and accommodation services,2021-02-01,79.9
Restaurants and accommodation services,2021-03-01,80.3
Restaurants and accommodation services,2021-04-01,81.4
Restaurants and accommodation services,2021-05-01,81.3
Restaurants and accommodation services,2021-06-01,81.7
Restaurants and accommodation services,2021-07-01,81.8
Restaurants and accommodation services,2021-08-01,82.1
Restaurants and accommodation services,2021-09-01,81.9
Restaurants and accommodation services,2021-10-01,82.9
Restaurants and accommodation services,2021-11-01,83.3
Restaurants and accommodation services,2021-12-01,83.3
Restaurants and accommodation services,2022-01-01,84.3
Restaurants and accommodation services,2022-02-01,84.8
Restaurants and accommodation services,2022-03-01,85.8
Restaurants and accommodation services,2022-04-01,86.0
Restaurants and accommodation services,2022-05-01,86.4
Restaurants and accommodation services,2022-06-01,86.8
Restaurants and accommodation services,2022-07-01,87.1
Restaurants and accommodation services,2022-08-01,86.8
Restaurants and accommodation services,2022-09-01,88.4
Restaurants and accommodation services,2022-10-01,89.4
Restaurants and accommodation services,2022-11-01,89.9
Restaurants and accommodation services,2022-12-01,89.8
Restaurants and accommodation services,2023-01-01,88.9
Restaurants and accommodation services,2023-02-01,90.6
Restaurants and accommodation services,2023-03-01,91.3
Restaurants and accommodation services,2023-04-01,90.4
Restaurants and accommodation services,2023-05-01,91.9
Restaurants and accommodation services,2023-06-01,91.6
Restaurants and accommodation services,2023-07-01,91.6
Restaurants and accommodation services,2023-08-01,92.4
Restaurants and accommodation services,2023-09-01,92.2
Restaurants and accommodation services,2023-10-01,95.1
Restaurants and accommodation services,2023-11-01,95.6
Restaurants and accommodation services,2023-12-01,96.0
Restaurants and accommodation services,2024-01-01,96.0
Restaurants and accommodation services,2024-02-01,96.6
Restaurants and accommodation services,2024-03-01,96.5
Restaurants and accommodation services,2024-04-01,97.2
Restaurants and accommodation services,2024-05-01,97.9
Restaurants and accommodation services,2024-06-01,98.5
Restaurants and accommodation services,2024-07-01,98.1
Restaurants and accommodation services,2024-08-01,98.5
Restaurants and accommodation services,2024-09-01,99.0
Restaurants and accommodation services,2024-10-01,100.7
Restaurants and accommodation services,2024-11-01,101.2
Restaurants and accommodation services,2024-12-01,100.0
Restaurants and accommodation services,2025-01-01,100.7
Restaurants and accommodation services,2025-02-01,101.0
Restaurants and accommodation services,2025-03-01,100.6
Restaurants and accommodation services,2025-04-01,100.1
Restaurants and accommodation services,2025-05-01,99.7
Restaurants and accommodation services,2025-06-01,100.5
Restaurants and accommodation services,2025-07-01,101.0
Restaurants and accommodation services,2025-08-01,101.1
Restaurants and accommodation services,2025-09-01,102.0
Restaurants and accommodation services,2025-10-01,102.8
Restaurants and accommodation services,2025-11-01,103.5
Restaurants and accommodation services,2025-12-01,102.9
Restaurants and accommodation services,2026-01-01,104.2
Transport,2008-01-01,45.8
Transport,2008-02-01,45.9
Transport,2008-03-01,46.8
Transport,2008-04-01,47.4
Transport,2008-05-01,47.9
Transport,2008-06-01,49.5
Transport,2008-07-01,50.5
Transport,2008-08-01,50.0
Transport,2008-09-01,49.7
Transport,2008-10-01,49.5
Transport,2008-11-01,48.9
Transport,2008-12-01,47.2
Transport,2009-01-01,45.8
Transport,2009-02-01,46.6
Transport,2009-03-01,47.1
Transport,2009-04-01,47.9
Transport,2009-05-01,48.2
Transport,2009-06-01,48.4
Transport,2009-07-01,48.8
Transport,2009-08-01,48.7
Transport,2009-09-01,49.0
Transport,2009-10-01,48.5
Transport,2009-11-01,48.5
Transport,2009-12-01,48.9
Transport,2010-01-01,48.7
Transport,2010-02-01,49.0
Transport,2010-03-01,49.2
Transport,2010-04-01,49.7
Transport,2010-05-01,49.9
Transport,2010-06-01,49.5
Transport,2010-07-01,49.3
Transport,2010-08-01,49.2
Transport,2010-09-01,49.0
Transport,2010-10-01,49.5
Transport,2010-11-01,49.6
Transport,2010-12-01,49.6
Transport,2011-01-01,49.9
Transport,2011-02-01,50.3
Transport,2011-03-01,50.8
Transport,2011-04-01,51.5
Transport,2011-05-01,51.7
Transport,2011-06-01,52.0
Transport,2011-07-01,51.9
Transport,2011-08-01,52.1
Transport,2011-09-01,52.3
Transport,2011-10-01,52.7
Transport,2011-11-01,53.1
Transport,2011-12-01,53.1
Transport,2012-01-01,53.2
Transport,2012-02-01,53.7
Transport,2012-03-01,54.1
Transport,2012-04-01,55.1
Transport,2012-05-01,55.2
Transport,2012-06-01,55.3
Transport,2012-07-01,54.4
Transport,2012-08-01,54.6
Transport,2012-09-01,55.8
Transport,2012-10-01,55.9
Transport,2012-11-01,55.9
Transport,2012-12-01,56.0
Transport,2013-01-01,55.9
Transport,2013-02-01,56.6
Transport,2013-03-01,58.2
Transport,2013-04-01,58.5
Transport,2013-05-01,57.2
Transport,2013-06-01,57.4
Transport,2013-07-01,58.8
Transport,2013-08-01,59.5
Transport,2013-09-01,59.6
Transport,2013-10-01,59.5
Transport,2013-11-01,59.1
Transport,2013-12-01,59.5
Transport,2014-01-01,60.3
Transport,2014-02-01,61.2
Transport,2014-03-01,62.2
Transport,2014-04-01,62.4
Transport,2014-05-01,62.3
Transport,2014-06-01,62.3
Transport,2014-07-01,62.8
Transport,2014-08-01,63.1
Transport,2014-09-01,62.1
Transport,2014-10-01,62.3
Transport,2014-11-01,61.6
Transport,2014-12-01,60.6
Transport,2015-01-01,58.7
Transport,2015-02-01,57.3
Transport,2015-03-01,59.1
Transport,2015-04-01,61.8
Transport,2015-05-01,61.9
Transport,2015-06-01,62.7
Transport,2015-07-01,63.4
Transport,2015-08-01,62.6
Transport,2015-09-01,61.6
Transport,2015-10-01,61.9
Transport,2015-11-01,61.6
Transport,2015-12-01,61.7
Transport,2016-01-01,62.0
Transport,2016-02-01,62.3
Transport,2016-03-01,61.9
Transport,2016-04-01,63.4
Transport,2016-05-01,63.9
Transport,2016-06-01,64.8
Transport,2016-07-01,65.4
Transport,2016-08-01,63.9
Transport,2016-09-01,63.9
Transport,2016-10-01,64.6
Transport,2016-11-01,65.4
Transport,2016-12-01,65.2
Transport,2017-01-01,66.2
Transport,2017-02-01,66.8
Transport,2017-03-01,66.6
Transport,2017-04-01,66.4
Transport,2017-05-01,67.2
Transport,2017-06-01,67.0
Transport,2017-07-01,66.0
Transport,2017-08-01,66.3
Transport,2017-09-01,67.5
Transport,2017-10-01,68.1
Transport,2017-11-01,68.3
Transport,2017-12-01,69.4
Transport,2018-01-01,69.1
Transport,2018-02-01,68.9
Transport,2018-03-01,68.5
Transport,2018-04-01,69.7
Transport,2018-05-01,70.6
Transport,2018-06-01,71.9
Transport,2018-07-01,72.6
Transport,2018-08-01,72.7
Transport,2018-09-01,73.3
Transport,2018-10-01,75.2
Transport,2018-11-01,75.7
Transport,2018-12-01,73.6
Transport,2019-01-01,71.1
Transport,2019-02-01,71.4
Transport,2019-03-01,72.9
Transport,2019-04-01,74.9
Transport,2019-05-01,75.6
Transport,2019-06-01,75.8
Transport,2019-07-01,74.8
Transport,2019-08-01,75.0
Transport,2019-09-01,75.0
Transport,2019-10-01,75.5
Transport,2019-11-01,75.5
Transport,2019-12-01,76.0
Transport,2020-01-01,75.7
Transport,2020-02-01,75.8
Transport,2020-03-01,75.3
Transport,2020-04-01,72.3
Transport,2020-05-01,69.3
Transport,2020-06-01,71.4
Transport,2020-07-01,74.8
Transport,2020-08-01,75.0
Transport,2020-09-01,75.2
Transport,2020-10-01,75.0
Transport,2020-11-01,74.5
Transport,2020-12-01,74.8
Transport,2021-01-01,75.4
Transport,2021-02-01,76.8
Transport,2021-03-01,78.2
Transport,2021-04-01,79.9
Transport,2021-05-01,79.8
Transport,2021-06-01,80.2
Transport,2021-07-01,80.7
Transport,2021-08-01,82.5
Transport,2021-09-01,82.9
Transport,2021-10-01,83.2
Transport,2021-11-01,85.6
Transport,2021-12-01,87.3
Transport,2022-01-01,86.3
Transport,2022-02-01,87.8
Transport,2022-03-01,90.5
Transport,2022-04-01,91.7
Transport,2022-05-01,92.4
Transport,2022-06-01,96.2
Transport,2022-07-01,100.9
Transport,2022-08-01,99.9
Transport,2022-09-01,97.7
Transport,2022-10-01,97.5
Transport,2022-11-01,98.7
Transport,2022-12-01,99.4
Transport,2023-01-01,95.9
Transport,2023-02-01,96.5
Transport,2023-03-01,98.5
Transport,2023-04-01,98.7
Transport,2023-05-01,98.9
Transport,2023-06-01,98.0
Transport,2023-07-01,98.3
Transport,2023-08-01,99.1
Transport,2023-09-01,101.8
Transport,2023-10-01,104.7
Transport,2023-11-01,103.0
Transport,2023-12-01,102.0
Transport,2024-01-01,100.3
Transport,2024-02-01,101.7
Transport,2024-03-01,103.8
Transport,2024-04-01,104.4
Transport,2024-05-01,105.1
Transport,2024-06-01,103.4
Transport,2024-07-01,102.4
Transport,2024-08-01,101.9
Transport,2024-09-01,100.7
Transport,2024-10-01,99.2
Transport,2024-11-01,99.6
Transport,2024-12-01,100.0
Transport,2025-01-01,100.1
Transport,2025-02-01,101.2
Transport,2025-03-01,101.3
Transport,2025-04-01,100.3
Transport,2025-05-01,100.1
Transport,2025-06-01,100.0
Transport,2025-07-01,100.7
Transport,2025-08-01,100.5
Transport,2025-09-01,100.6
Transport,2025-10-01,100.7
Transport,2025-11-01,100.3
Transport,2025-12-01,101.0
Transport,2026-01-01,99.9
